file,line,type,commit,author,date,time,timezone,datetime,depth,length
style.css,1,css,dd565d5d,Yaoxi Li,2025-01-17,21:26:20,-08:00,2025-01-17T21:26:20-08:00,0,6
style.css,2,css,99784eb7,Yaoxi Li,2025-01-17,23:19:30,-08:00,2025-01-17T23:19:30-08:00,0,34
style.css,3,css,dd565d5d,Yaoxi Li,2025-01-17,21:26:20,-08:00,2025-01-17T21:26:20-08:00,0,0
style.css,4,css,dd565d5d,Yaoxi Li,2025-01-17,21:26:20,-08:00,2025-01-17T21:26:20-08:00,0,0
style.css,5,css,dd565d5d,Yaoxi Li,2025-01-17,21:26:20,-08:00,2025-01-17T21:26:20-08:00,0,5
style.css,6,css,dd565d5d,Yaoxi Li,2025-01-17,21:26:20,-08:00,2025-01-17T21:26:20-08:00,0,33
style.css,7,css,dd565d5d,Yaoxi Li,2025-01-17,21:26:20,-08:00,2025-01-17T21:26:20-08:00,0,0
style.css,8,css,dd565d5d,Yaoxi Li,2025-01-17,21:26:20,-08:00,2025-01-17T21:26:20-08:00,0,0
style.css,9,css,534ecb84,Yaoxi Li,2025-01-10,22:41:18,-08:00,2025-01-10T22:41:18-08:00,0,5
style.css,10,css,99784eb7,Yaoxi Li,2025-01-17,23:19:30,-08:00,2025-01-17T23:19:30-08:00,0,44
style.css,11,css,99784eb7,Yaoxi Li,2025-01-17,23:19:30,-08:00,2025-01-17T23:19:30-08:00,0,43
style.css,12,css,99784eb7,Yaoxi Li,2025-01-17,23:19:30,-08:00,2025-01-17T23:19:30-08:00,0,1
style.css,13,css,99784eb7,Yaoxi Li,2025-01-17,23:19:30,-08:00,2025-01-17T23:19:30-08:00,0,10
style.css,14,css,fac0c2ec,Yaoxi Li,2025-01-17,23:28:11,-08:00,2025-01-17T23:28:11-08:00,0,44
style.css,15,css,99784eb7,Yaoxi Li,2025-01-17,23:19:30,-08:00,2025-01-17T23:19:30-08:00,0,24
style.css,16,css,99784eb7,Yaoxi Li,2025-01-17,23:19:30,-08:00,2025-01-17T23:19:30-08:00,0,11
style.css,17,css,99784eb7,Yaoxi Li,2025-01-17,23:19:30,-08:00,2025-01-17T23:19:30-08:00,0,0
style.css,18,css,99784eb7,Yaoxi Li,2025-01-17,23:19:30,-08:00,2025-01-17T23:19:30-08:00,0,0
style.css,19,css,fac0c2ec,Yaoxi Li,2025-01-17,23:28:11,-08:00,2025-01-17T23:28:11-08:00,0,4
style.css,20,css,fac0c2ec,Yaoxi Li,2025-01-17,23:28:11,-08:00,2025-01-17T23:28:11-08:00,0,15
style.css,21,css,fac0c2ec,Yaoxi Li,2025-01-17,23:28:11,-08:00,2025-01-17T23:28:11-08:00,0,12
style.css,22,css,fac0c2ec,Yaoxi Li,2025-01-17,23:28:11,-08:00,2025-01-17T23:28:11-08:00,0,0
style.css,23,css,fac0c2ec,Yaoxi Li,2025-01-17,23:28:11,-08:00,2025-01-17T23:28:11-08:00,0,0
style.css,24,css,99784eb7,Yaoxi Li,2025-01-17,23:19:30,-08:00,2025-01-17T23:19:30-08:00,0,6
style.css,25,css,99784eb7,Yaoxi Li,2025-01-17,23:19:30,-08:00,2025-01-17T23:19:30-08:00,0,7
style.css,26,css,99784eb7,Yaoxi Li,2025-01-17,23:19:30,-08:00,2025-01-17T23:19:30-08:00,0,17
style.css,27,css,846e455c,Yaoxi Li,2025-01-17,02:03:55,-08:00,2025-01-17T02:03:55-08:00,0,0
style.css,28,css,846e455c,Yaoxi Li,2025-01-17,02:03:55,-08:00,2025-01-17T02:03:55-08:00,0,0
style.css,29,css,846e455c,Yaoxi Li,2025-01-17,02:03:55,-08:00,2025-01-17T02:03:55-08:00,0,4
style.css,30,css,229d5c9d,Yaoxi Li,2025-01-24,14:47:04,-08:00,2025-01-24T14:47:04-08:00,0,40
style.css,31,css,229d5c9d,Yaoxi Li,2025-01-24,14:47:04,-08:00,2025-01-24T14:47:04-08:00,0,70
style.css,32,css,229d5c9d,Yaoxi Li,2025-01-24,14:47:04,-08:00,2025-01-24T14:47:04-08:00,0,0
style.css,33,css,846e455c,Yaoxi Li,2025-01-17,02:03:55,-08:00,2025-01-17T02:03:55-08:00,0,13
style.css,34,css,846e455c,Yaoxi Li,2025-01-17,02:03:55,-08:00,2025-01-17T02:03:55-08:00,0,9
style.css,35,css,99784eb7,Yaoxi Li,2025-01-17,23:19:30,-08:00,2025-01-17T23:19:30-08:00,0,19
style.css,36,css,229d5c9d,Yaoxi Li,2025-01-24,14:47:04,-08:00,2025-01-24T14:47:04-08:00,0,44
style.css,37,css,229d5c9d,Yaoxi Li,2025-01-24,14:47:04,-08:00,2025-01-24T14:47:04-08:00,0,17
style.css,38,css,846e455c,Yaoxi Li,2025-01-17,02:03:55,-08:00,2025-01-17T02:03:55-08:00,0,0
style.css,39,css,846e455c,Yaoxi Li,2025-01-17,02:03:55,-08:00,2025-01-17T02:03:55-08:00,0,0
style.css,40,css,846e455c,Yaoxi Li,2025-01-17,02:03:55,-08:00,2025-01-17T02:03:55-08:00,0,6
style.css,41,css,846e455c,Yaoxi Li,2025-01-17,02:03:55,-08:00,2025-01-17T02:03:55-08:00,0,7
style.css,42,css,38fe8ffa,Yaoxi Li,2025-01-17,23:09:40,-08:00,2025-01-17T23:09:40-08:00,0,14
style.css,43,css,99784eb7,Yaoxi Li,2025-01-17,23:19:30,-08:00,2025-01-17T23:19:30-08:00,0,21
style.css,44,css,dd565d5d,Yaoxi Li,2025-01-17,21:26:20,-08:00,2025-01-17T21:26:20-08:00,0,18
style.css,45,css,846e455c,Yaoxi Li,2025-01-17,02:03:55,-08:00,2025-01-17T02:03:55-08:00,0,16
style.css,46,css,dd565d5d,Yaoxi Li,2025-01-17,21:26:20,-08:00,2025-01-17T21:26:20-08:00,0,14
style.css,47,css,229d5c9d,Yaoxi Li,2025-01-24,14:47:04,-08:00,2025-01-24T14:47:04-08:00,0,52
style.css,48,css,dd565d5d,Yaoxi Li,2025-01-17,21:26:20,-08:00,2025-01-17T21:26:20-08:00,0,0
style.css,49,css,dd565d5d,Yaoxi Li,2025-01-17,21:26:20,-08:00,2025-01-17T21:26:20-08:00,0,0
style.css,50,css,dd565d5d,Yaoxi Li,2025-01-17,21:26:20,-08:00,2025-01-17T21:26:20-08:00,0,12
style.css,51,css,229d5c9d,Yaoxi Li,2025-01-24,14:47:04,-08:00,2025-01-24T14:47:04-08:00,0,46
style.css,52,css,706d771a,Yaoxi Li,2025-01-17,21:32:19,-08:00,2025-01-17T21:32:19-08:00,0,21
style.css,53,css,846e455c,Yaoxi Li,2025-01-17,02:03:55,-08:00,2025-01-17T02:03:55-08:00,0,0
style.css,54,css,62d9140c,Yaoxi Li,2025-01-17,22:12:25,-08:00,2025-01-17T22:12:25-08:00,0,0
style.css,55,css,229d5c9d,Yaoxi Li,2025-01-24,14:47:04,-08:00,2025-01-24T14:47:04-08:00,0,36
style.css,56,css,229d5c9d,Yaoxi Li,2025-01-24,14:47:04,-08:00,2025-01-24T14:47:04-08:00,0,4
style.css,57,css,229d5c9d,Yaoxi Li,2025-01-24,14:47:04,-08:00,2025-01-24T14:47:04-08:00,0,40
style.css,58,css,229d5c9d,Yaoxi Li,2025-01-24,14:47:04,-08:00,2025-01-24T14:47:04-08:00,0,84
style.css,59,css,229d5c9d,Yaoxi Li,2025-01-24,14:47:04,-08:00,2025-01-24T14:47:04-08:00,0,44
style.css,60,css,229d5c9d,Yaoxi Li,2025-01-24,14:47:04,-08:00,2025-01-24T14:47:04-08:00,0,0
style.css,61,css,229d5c9d,Yaoxi Li,2025-01-24,14:47:04,-08:00,2025-01-24T14:47:04-08:00,0,0
style.css,62,css,229d5c9d,Yaoxi Li,2025-01-24,14:47:04,-08:00,2025-01-24T14:47:04-08:00,0,12
style.css,63,css,229d5c9d,Yaoxi Li,2025-01-24,14:47:04,-08:00,2025-01-24T14:47:04-08:00,0,40
style.css,64,css,229d5c9d,Yaoxi Li,2025-01-24,14:47:04,-08:00,2025-01-24T14:47:04-08:00,0,0
style.css,65,css,229d5c9d,Yaoxi Li,2025-01-24,14:47:04,-08:00,2025-01-24T14:47:04-08:00,0,0
style.css,66,css,229d5c9d,Yaoxi Li,2025-01-24,14:47:04,-08:00,2025-01-24T14:47:04-08:00,0,0
style.css,67,css,99784eb7,Yaoxi Li,2025-01-17,23:19:30,-08:00,2025-01-17T23:19:30-08:00,0,10
style.css,68,css,99784eb7,Yaoxi Li,2025-01-17,23:19:30,-08:00,2025-01-17T23:19:30-08:00,0,13
style.css,69,css,99784eb7,Yaoxi Li,2025-01-17,23:19:30,-08:00,2025-01-17T23:19:30-08:00,0,12
style.css,70,css,99784eb7,Yaoxi Li,2025-01-17,23:19:30,-08:00,2025-01-17T23:19:30-08:00,0,13
style.css,71,css,99784eb7,Yaoxi Li,2025-01-17,23:19:30,-08:00,2025-01-17T23:19:30-08:00,0,22
style.css,72,css,99784eb7,Yaoxi Li,2025-01-17,23:19:30,-08:00,2025-01-17T23:19:30-08:00,0,0
style.css,73,css,99784eb7,Yaoxi Li,2025-01-17,23:19:30,-08:00,2025-01-17T23:19:30-08:00,0,0
style.css,74,css,99784eb7,Yaoxi Li,2025-01-17,23:19:30,-08:00,2025-01-17T23:19:30-08:00,0,5
style.css,75,css,99784eb7,Yaoxi Li,2025-01-17,23:19:30,-08:00,2025-01-17T23:19:30-08:00,0,13
style.css,76,css,99784eb7,Yaoxi Li,2025-01-17,23:19:30,-08:00,2025-01-17T23:19:30-08:00,0,31
style.css,77,css,99784eb7,Yaoxi Li,2025-01-17,23:19:30,-08:00,2025-01-17T23:19:30-08:00,0,8
style.css,78,css,99784eb7,Yaoxi Li,2025-01-17,23:19:30,-08:00,2025-01-17T23:19:30-08:00,0,0
style.css,79,css,99784eb7,Yaoxi Li,2025-01-17,23:19:30,-08:00,2025-01-17T23:19:30-08:00,0,0
style.css,80,css,99784eb7,Yaoxi Li,2025-01-17,23:19:30,-08:00,2025-01-17T23:19:30-08:00,0,11
style.css,81,css,99784eb7,Yaoxi Li,2025-01-17,23:19:30,-08:00,2025-01-17T23:19:30-08:00,0,14
style.css,82,css,99784eb7,Yaoxi Li,2025-01-17,23:19:30,-08:00,2025-01-17T23:19:30-08:00,0,13
style.css,83,css,99784eb7,Yaoxi Li,2025-01-17,23:19:30,-08:00,2025-01-17T23:19:30-08:00,0,30
style.css,84,css,99784eb7,Yaoxi Li,2025-01-17,23:19:30,-08:00,2025-01-17T23:19:30-08:00,0,19
style.css,85,css,99784eb7,Yaoxi Li,2025-01-17,23:19:30,-08:00,2025-01-17T23:19:30-08:00,0,0
style.css,86,css,99784eb7,Yaoxi Li,2025-01-17,23:19:30,-08:00,2025-01-17T23:19:30-08:00,0,0
style.css,87,css,99784eb7,Yaoxi Li,2025-01-17,23:19:30,-08:00,2025-01-17T23:19:30-08:00,0,10
style.css,88,css,99784eb7,Yaoxi Li,2025-01-17,23:19:30,-08:00,2025-01-17T23:19:30-08:00,0,14
style.css,89,css,99784eb7,Yaoxi Li,2025-01-17,23:19:30,-08:00,2025-01-17T23:19:30-08:00,0,14
style.css,90,css,99784eb7,Yaoxi Li,2025-01-17,23:19:30,-08:00,2025-01-17T23:19:30-08:00,0,11
style.css,91,css,99784eb7,Yaoxi Li,2025-01-17,23:19:30,-08:00,2025-01-17T23:19:30-08:00,0,0
style.css,92,css,99784eb7,Yaoxi Li,2025-01-17,23:19:30,-08:00,2025-01-17T23:19:30-08:00,0,0
style.css,93,css,99784eb7,Yaoxi Li,2025-01-17,23:19:30,-08:00,2025-01-17T23:19:30-08:00,0,12
style.css,94,css,99784eb7,Yaoxi Li,2025-01-17,23:19:30,-08:00,2025-01-17T23:19:30-08:00,0,19
style.css,95,css,99784eb7,Yaoxi Li,2025-01-17,23:19:30,-08:00,2025-01-17T23:19:30-08:00,0,11
style.css,96,css,99784eb7,Yaoxi Li,2025-01-17,23:19:30,-08:00,2025-01-17T23:19:30-08:00,0,18
style.css,97,css,99784eb7,Yaoxi Li,2025-01-17,23:19:30,-08:00,2025-01-17T23:19:30-08:00,0,0
style.css,98,css,99784eb7,Yaoxi Li,2025-01-17,23:19:30,-08:00,2025-01-17T23:19:30-08:00,0,0
style.css,99,css,99784eb7,Yaoxi Li,2025-01-17,23:19:30,-08:00,2025-01-17T23:19:30-08:00,0,23
style.css,100,css,99784eb7,Yaoxi Li,2025-01-17,23:19:30,-08:00,2025-01-17T23:19:30-08:00,0,16
style.css,101,css,99784eb7,Yaoxi Li,2025-01-17,23:19:30,-08:00,2025-01-17T23:19:30-08:00,0,18
style.css,102,css,99784eb7,Yaoxi Li,2025-01-17,23:19:30,-08:00,2025-01-17T23:19:30-08:00,0,0
style.css,103,css,99784eb7,Yaoxi Li,2025-01-17,23:19:30,-08:00,2025-01-17T23:19:30-08:00,0,0
style.css,104,css,99784eb7,Yaoxi Li,2025-01-17,23:19:30,-08:00,2025-01-17T23:19:30-08:00,0,3
style.css,105,css,99784eb7,Yaoxi Li,2025-01-17,23:19:30,-08:00,2025-01-17T23:19:30-08:00,0,15
style.css,106,css,99784eb7,Yaoxi Li,2025-01-17,23:19:30,-08:00,2025-01-17T23:19:30-08:00,0,19
style.css,107,css,99784eb7,Yaoxi Li,2025-01-17,23:19:30,-08:00,2025-01-17T23:19:30-08:00,0,0
style.css,108,css,99784eb7,Yaoxi Li,2025-01-17,23:19:30,-08:00,2025-01-17T23:19:30-08:00,0,0
style.css,109,css,98983c9e,Yaoxi Li,2025-02-08,20:01:43,-08:00,2025-02-08T20:01:43-08:00,0,51
style.css,110,css,99784eb7,Yaoxi Li,2025-01-17,23:19:30,-08:00,2025-01-17T23:19:30-08:00,0,10
style.css,111,css,99784eb7,Yaoxi Li,2025-01-17,23:19:30,-08:00,2025-01-17T23:19:30-08:00,0,13
style.css,112,css,98983c9e,Yaoxi Li,2025-02-08,20:01:43,-08:00,2025-02-08T20:01:43-08:00,0,44
style.css,113,css,98983c9e,Yaoxi Li,2025-02-08,20:01:43,-08:00,2025-02-08T20:01:43-08:00,0,54
style.css,114,css,99784eb7,Yaoxi Li,2025-01-17,23:19:30,-08:00,2025-01-17T23:19:30-08:00,0,59
style.css,115,css,99784eb7,Yaoxi Li,2025-01-17,23:19:30,-08:00,2025-01-17T23:19:30-08:00,0,8
style.css,116,css,98983c9e,Yaoxi Li,2025-02-08,20:01:43,-08:00,2025-02-08T20:01:43-08:00,0,63
style.css,117,css,99784eb7,Yaoxi Li,2025-01-17,23:19:30,-08:00,2025-01-17T23:19:30-08:00,0,0
style.css,118,css,99784eb7,Yaoxi Li,2025-01-17,23:19:30,-08:00,2025-01-17T23:19:30-08:00,0,0
style.css,119,css,98983c9e,Yaoxi Li,2025-02-08,20:01:43,-08:00,2025-02-08T20:01:43-08:00,0,22
style.css,120,css,99784eb7,Yaoxi Li,2025-01-17,23:19:30,-08:00,2025-01-17T23:19:30-08:00,0,18
style.css,121,css,98983c9e,Yaoxi Li,2025-02-08,20:01:43,-08:00,2025-02-08T20:01:43-08:00,0,54
style.css,122,css,98983c9e,Yaoxi Li,2025-02-08,20:01:43,-08:00,2025-02-08T20:01:43-08:00,0,13
style.css,123,css,98983c9e,Yaoxi Li,2025-02-08,20:01:43,-08:00,2025-02-08T20:01:43-08:00,0,22
style.css,124,css,98983c9e,Yaoxi Li,2025-02-08,20:01:43,-08:00,2025-02-08T20:01:43-08:00,0,11
style.css,125,css,98983c9e,Yaoxi Li,2025-02-08,20:01:43,-08:00,2025-02-08T20:01:43-08:00,0,0
style.css,126,css,98983c9e,Yaoxi Li,2025-02-08,20:01:43,-08:00,2025-02-08T20:01:43-08:00,0,61
style.css,127,css,99784eb7,Yaoxi Li,2025-01-17,23:19:30,-08:00,2025-01-17T23:19:30-08:00,0,22
style.css,128,css,99784eb7,Yaoxi Li,2025-01-17,23:19:30,-08:00,2025-01-17T23:19:30-08:00,0,21
style.css,129,css,98983c9e,Yaoxi Li,2025-02-08,20:01:43,-08:00,2025-02-08T20:01:43-08:00,0,12
style.css,130,css,98983c9e,Yaoxi Li,2025-02-08,20:01:43,-08:00,2025-02-08T20:01:43-08:00,0,52
style.css,131,css,99784eb7,Yaoxi Li,2025-01-17,23:19:30,-08:00,2025-01-17T23:19:30-08:00,0,0
style.css,132,css,99784eb7,Yaoxi Li,2025-01-17,23:19:30,-08:00,2025-01-17T23:19:30-08:00,0,0
style.css,133,css,98983c9e,Yaoxi Li,2025-02-08,20:01:43,-08:00,2025-02-08T20:01:43-08:00,0,20
style.css,134,css,99784eb7,Yaoxi Li,2025-01-17,23:19:30,-08:00,2025-01-17T23:19:30-08:00,0,21
style.css,135,css,99784eb7,Yaoxi Li,2025-01-17,23:19:30,-08:00,2025-01-17T23:19:30-08:00,0,9
style.css,136,css,98983c9e,Yaoxi Li,2025-02-08,20:01:43,-08:00,2025-02-08T20:01:43-08:00,0,42
style.css,137,css,99784eb7,Yaoxi Li,2025-01-17,23:19:30,-08:00,2025-01-17T23:19:30-08:00,0,0
style.css,138,css,99784eb7,Yaoxi Li,2025-01-17,23:19:30,-08:00,2025-01-17T23:19:30-08:00,0,0
style.css,139,css,98983c9e,Yaoxi Li,2025-02-08,20:01:43,-08:00,2025-02-08T20:01:43-08:00,0,18
style.css,140,css,99784eb7,Yaoxi Li,2025-01-17,23:19:30,-08:00,2025-01-17T23:19:30-08:00,0,22
style.css,141,css,98983c9e,Yaoxi Li,2025-02-08,20:01:43,-08:00,2025-02-08T20:01:43-08:00,0,15
style.css,142,css,98983c9e,Yaoxi Li,2025-02-08,20:01:43,-08:00,2025-02-08T20:01:43-08:00,0,12
style.css,143,css,98983c9e,Yaoxi Li,2025-02-08,20:01:43,-08:00,2025-02-08T20:01:43-08:00,0,14
style.css,144,css,98983c9e,Yaoxi Li,2025-02-08,20:01:43,-08:00,2025-02-08T20:01:43-08:00,0,65
style.css,145,css,99784eb7,Yaoxi Li,2025-01-17,23:19:30,-08:00,2025-01-17T23:19:30-08:00,0,0
style.css,146,css,99784eb7,Yaoxi Li,2025-01-17,23:19:30,-08:00,2025-01-17T23:19:30-08:00,0,0
style.css,147,css,98983c9e,Yaoxi Li,2025-02-08,20:01:43,-08:00,2025-02-08T20:01:43-08:00,0,29
style.css,148,css,99784eb7,Yaoxi Li,2025-01-17,23:19:30,-08:00,2025-01-17T23:19:30-08:00,0,20
style.css,149,css,98983c9e,Yaoxi Li,2025-02-08,20:01:43,-08:00,2025-02-08T20:01:43-08:00,0,15
style.css,150,css,98983c9e,Yaoxi Li,2025-02-08,20:01:43,-08:00,2025-02-08T20:01:43-08:00,0,16
style.css,151,css,98983c9e,Yaoxi Li,2025-02-08,20:01:43,-08:00,2025-02-08T20:01:43-08:00,0,0
style.css,152,css,98983c9e,Yaoxi Li,2025-02-08,20:01:43,-08:00,2025-02-08T20:01:43-08:00,0,0
style.css,153,css,670fe1e4,Yaoxi Li,2025-02-08,20:25:47,-08:00,2025-02-08T20:25:47-08:00,0,25
style.css,154,css,670fe1e4,Yaoxi Li,2025-02-08,20:25:47,-08:00,2025-02-08T20:25:47-08:00,0,36
style.css,155,css,670fe1e4,Yaoxi Li,2025-02-08,20:25:47,-08:00,2025-02-08T20:25:47-08:00,0,18
style.css,156,css,670fe1e4,Yaoxi Li,2025-02-08,20:25:47,-08:00,2025-02-08T20:25:47-08:00,0,25
style.css,157,css,670fe1e4,Yaoxi Li,2025-02-08,20:25:47,-08:00,2025-02-08T20:25:47-08:00,0,11
style.css,158,css,670fe1e4,Yaoxi Li,2025-02-08,20:25:47,-08:00,2025-02-08T20:25:47-08:00,0,0
style.css,159,css,c9b2d74a,Yaoxi Li,2025-02-08,20:08:09,-08:00,2025-02-08T20:08:09-08:00,0,0
style.css,160,css,c9b2d74a,Yaoxi Li,2025-02-08,20:08:09,-08:00,2025-02-08T20:08:09-08:00,0,0
style.css,161,css,98983c9e,Yaoxi Li,2025-02-08,20:01:43,-08:00,2025-02-08T20:01:43-08:00,0,28
style.css,162,css,98983c9e,Yaoxi Li,2025-02-08,20:01:43,-08:00,2025-02-08T20:01:43-08:00,0,14
style.css,163,css,98983c9e,Yaoxi Li,2025-02-08,20:01:43,-08:00,2025-02-08T20:01:43-08:00,0,16
style.css,164,css,98983c9e,Yaoxi Li,2025-02-08,20:01:43,-08:00,2025-02-08T20:01:43-08:00,0,11
style.css,165,css,98983c9e,Yaoxi Li,2025-02-08,20:01:43,-08:00,2025-02-08T20:01:43-08:00,0,76
style.css,166,css,98983c9e,Yaoxi Li,2025-02-08,20:01:43,-08:00,2025-02-08T20:01:43-08:00,0,18
style.css,167,css,99784eb7,Yaoxi Li,2025-01-17,23:19:30,-08:00,2025-01-17T23:19:30-08:00,0,0
style.css,168,css,99784eb7,Yaoxi Li,2025-01-17,23:19:30,-08:00,2025-01-17T23:19:30-08:00,0,0
style.css,169,css,38fe8ffa,Yaoxi Li,2025-01-17,23:09:40,-08:00,2025-01-17T23:09:40-08:00,0,19
style.css,170,css,38fe8ffa,Yaoxi Li,2025-01-17,23:09:40,-08:00,2025-01-17T23:09:40-08:00,0,19
style.css,171,css,38fe8ffa,Yaoxi Li,2025-01-17,23:09:40,-08:00,2025-01-17T23:09:40-08:00,0,18
style.css,172,css,38fe8ffa,Yaoxi Li,2025-01-17,23:09:40,-08:00,2025-01-17T23:09:40-08:00,0,42
style.css,173,css,ec60690f,Yaoxi Li,2025-01-17,22:14:30,-08:00,2025-01-17T22:14:30-08:00,0,0
style.css,174,css,ec60690f,Yaoxi Li,2025-01-17,22:14:30,-08:00,2025-01-17T22:14:30-08:00,0,0
style.css,175,css,38fe8ffa,Yaoxi Li,2025-01-17,23:09:40,-08:00,2025-01-17T23:09:40-08:00,0,14
style.css,176,css,38fe8ffa,Yaoxi Li,2025-01-17,23:09:40,-08:00,2025-01-17T23:09:40-08:00,0,17
style.css,177,css,ec60690f,Yaoxi Li,2025-01-17,22:14:30,-08:00,2025-01-17T22:14:30-08:00,0,0
style.css,178,css,ec60690f,Yaoxi Li,2025-01-17,22:14:30,-08:00,2025-01-17T22:14:30-08:00,0,0
style.css,179,css,38fe8ffa,Yaoxi Li,2025-01-17,23:09:40,-08:00,2025-01-17T23:09:40-08:00,0,11
style.css,180,css,38fe8ffa,Yaoxi Li,2025-01-17,23:09:40,-08:00,2025-01-17T23:09:40-08:00,0,16
style.css,181,css,38fe8ffa,Yaoxi Li,2025-01-17,23:09:40,-08:00,2025-01-17T23:09:40-08:00,0,10
style.css,182,css,ec60690f,Yaoxi Li,2025-01-17,22:14:30,-08:00,2025-01-17T22:14:30-08:00,0,0
style.css,183,css,ec60690f,Yaoxi Li,2025-01-17,22:14:30,-08:00,2025-01-17T22:14:30-08:00,0,0
style.css,184,css,38fe8ffa,Yaoxi Li,2025-01-17,23:09:40,-08:00,2025-01-17T23:09:40-08:00,0,11
style.css,185,css,38fe8ffa,Yaoxi Li,2025-01-17,23:09:40,-08:00,2025-01-17T23:09:40-08:00,0,37
style.css,186,css,38fe8ffa,Yaoxi Li,2025-01-17,23:09:40,-08:00,2025-01-17T23:09:40-08:00,0,12
style.css,187,css,38fe8ffa,Yaoxi Li,2025-01-17,23:09:40,-08:00,2025-01-17T23:09:40-08:00,0,18
style.css,188,css,38fe8ffa,Yaoxi Li,2025-01-17,23:09:40,-08:00,2025-01-17T23:09:40-08:00,0,21
style.css,189,css,38fe8ffa,Yaoxi Li,2025-01-17,23:09:40,-08:00,2025-01-17T23:09:40-08:00,0,21
style.css,190,css,38fe8ffa,Yaoxi Li,2025-01-17,23:09:40,-08:00,2025-01-17T23:09:40-08:00,0,21
style.css,191,css,38fe8ffa,Yaoxi Li,2025-01-17,23:09:40,-08:00,2025-01-17T23:09:40-08:00,0,0
style.css,192,css,38fe8ffa,Yaoxi Li,2025-01-17,23:09:40,-08:00,2025-01-17T23:09:40-08:00,0,0
style.css,193,css,c9b2d74a,Yaoxi Li,2025-02-08,20:08:09,-08:00,2025-02-08T20:08:09-08:00,0,18
style.css,194,css,54ec86e7,Yaoxi Li,2025-02-08,19:39:40,-08:00,2025-02-08T19:39:40-08:00,0,66
style.css,195,css,54ec86e7,Yaoxi Li,2025-02-08,19:39:40,-08:00,2025-02-08T19:39:40-08:00,0,13
style.css,196,css,54ec86e7,Yaoxi Li,2025-02-08,19:39:40,-08:00,2025-02-08T19:39:40-08:00,0,22
style.css,197,css,54ec86e7,Yaoxi Li,2025-02-08,19:39:40,-08:00,2025-02-08T19:39:40-08:00,0,0
style.css,198,css,54ec86e7,Yaoxi Li,2025-02-08,19:39:40,-08:00,2025-02-08T19:39:40-08:00,0,66
style.css,199,css,54ec86e7,Yaoxi Li,2025-02-08,19:39:40,-08:00,2025-02-08T19:39:40-08:00,0,10
style.css,200,css,54ec86e7,Yaoxi Li,2025-02-08,19:39:40,-08:00,2025-02-08T19:39:40-08:00,0,0
style.css,201,css,54ec86e7,Yaoxi Li,2025-02-08,19:39:40,-08:00,2025-02-08T19:39:40-08:00,0,67
style.css,202,css,54ec86e7,Yaoxi Li,2025-02-08,19:39:40,-08:00,2025-02-08T19:39:40-08:00,0,22
style.css,203,css,54ec86e7,Yaoxi Li,2025-02-08,19:39:40,-08:00,2025-02-08T19:39:40-08:00,0,21
style.css,204,css,54ec86e7,Yaoxi Li,2025-02-08,19:39:40,-08:00,2025-02-08T19:39:40-08:00,0,12
style.css,205,css,ec60690f,Yaoxi Li,2025-01-17,22:14:30,-08:00,2025-01-17T22:14:30-08:00,0,0
style.css,206,css,ec60690f,Yaoxi Li,2025-01-17,22:14:30,-08:00,2025-01-17T22:14:30-08:00,0,0
style.css,207,css,54ec86e7,Yaoxi Li,2025-02-08,19:39:40,-08:00,2025-02-08T19:39:40-08:00,0,0
style.css,208,css,38fe8ffa,Yaoxi Li,2025-01-17,23:09:40,-08:00,2025-01-17T23:09:40-08:00,0,20
style.css,209,css,38fe8ffa,Yaoxi Li,2025-01-17,23:09:40,-08:00,2025-01-17T23:09:40-08:00,0,26
style.css,210,css,38fe8ffa,Yaoxi Li,2025-01-17,23:09:40,-08:00,2025-01-17T23:09:40-08:00,0,21
style.css,211,css,ec60690f,Yaoxi Li,2025-01-17,22:14:30,-08:00,2025-01-17T22:14:30-08:00,0,0
style.css,212,css,ec60690f,Yaoxi Li,2025-01-17,22:14:30,-08:00,2025-01-17T22:14:30-08:00,0,0
style.css,213,css,38fe8ffa,Yaoxi Li,2025-01-17,23:09:40,-08:00,2025-01-17T23:09:40-08:00,0,26
style.css,214,css,38fe8ffa,Yaoxi Li,2025-01-17,23:09:40,-08:00,2025-01-17T23:09:40-08:00,0,26
style.css,215,css,229d5c9d,Yaoxi Li,2025-01-24,14:47:04,-08:00,2025-01-24T14:47:04-08:00,0,0
style.css,216,css,229d5c9d,Yaoxi Li,2025-01-24,14:47:04,-08:00,2025-01-24T14:47:04-08:00,0,0
style.css,217,css,229d5c9d,Yaoxi Li,2025-01-24,14:47:04,-08:00,2025-01-24T14:47:04-08:00,0,5
style.css,218,css,229d5c9d,Yaoxi Li,2025-01-24,14:47:04,-08:00,2025-01-24T14:47:04-08:00,0,24
style.css,219,css,229d5c9d,Yaoxi Li,2025-01-24,14:47:04,-08:00,2025-01-24T14:47:04-08:00,0,0
style.css,220,css,229d5c9d,Yaoxi Li,2025-01-24,14:47:04,-08:00,2025-01-24T14:47:04-08:00,0,0
style.css,221,css,f8e3b450,Yaoxi Li,2025-01-24,18:45:51,-08:00,2025-01-24T18:45:51-08:00,0,14
style.css,222,css,f8e3b450,Yaoxi Li,2025-01-24,18:45:51,-08:00,2025-01-24T18:45:51-08:00,0,18
style.css,223,css,f8e3b450,Yaoxi Li,2025-01-24,18:45:51,-08:00,2025-01-24T18:45:51-08:00,0,9
style.css,224,css,f8e3b450,Yaoxi Li,2025-01-24,18:45:51,-08:00,2025-01-24T18:45:51-08:00,0,11
style.css,225,css,f8e3b450,Yaoxi Li,2025-01-24,18:45:51,-08:00,2025-01-24T18:45:51-08:00,0,45
style.css,226,css,f8e3b450,Yaoxi Li,2025-01-24,18:45:51,-08:00,2025-01-24T18:45:51-08:00,0,48
style.css,227,css,f8e3b450,Yaoxi Li,2025-01-24,18:45:51,-08:00,2025-01-24T18:45:51-08:00,0,78
style.css,228,css,f8e3b450,Yaoxi Li,2025-01-24,18:45:51,-08:00,2025-01-24T18:45:51-08:00,0,15
style.css,229,css,f8e3b450,Yaoxi Li,2025-01-24,18:45:51,-08:00,2025-01-24T18:45:51-08:00,0,21
style.css,230,css,f8e3b450,Yaoxi Li,2025-01-24,18:45:51,-08:00,2025-01-24T18:45:51-08:00,0,0
style.css,231,css,f8e3b450,Yaoxi Li,2025-01-24,18:45:51,-08:00,2025-01-24T18:45:51-08:00,0,0
style.css,232,css,f8e3b450,Yaoxi Li,2025-01-24,18:45:51,-08:00,2025-01-24T18:45:51-08:00,0,21
style.css,233,css,f8e3b450,Yaoxi Li,2025-01-24,18:45:51,-08:00,2025-01-24T18:45:51-08:00,0,18
style.css,234,css,b7ac26a8,Yaoxi Li,2025-01-24,21:58:20,-08:00,2025-01-24T21:58:20-08:00,0,23
style.css,235,css,b7ac26a8,Yaoxi Li,2025-01-24,21:58:20,-08:00,2025-01-24T21:58:20-08:00,0,12
style.css,236,css,b7ac26a8,Yaoxi Li,2025-01-24,21:58:20,-08:00,2025-01-24T21:58:20-08:00,0,14
style.css,237,css,fe6133ae,Yaoxi Li,2025-02-08,21:08:12,-08:00,2025-02-08T21:08:12-08:00,0,0
style.css,238,css,fe6133ae,Yaoxi Li,2025-02-08,21:08:12,-08:00,2025-02-08T21:08:12-08:00,0,0
style.css,239,css,fe6133ae,Yaoxi Li,2025-02-08,21:08:12,-08:00,2025-02-08T21:08:12-08:00,0,11
style.css,240,css,fe6133ae,Yaoxi Li,2025-02-08,21:08:12,-08:00,2025-02-08T21:08:12-08:00,0,13
style.css,241,css,fe6133ae,Yaoxi Li,2025-02-08,21:08:12,-08:00,2025-02-08T21:08:12-08:00,0,59
style.css,242,css,fe6133ae,Yaoxi Li,2025-02-08,21:08:12,-08:00,2025-02-08T21:08:12-08:00,0,54
style.css,243,css,fe6133ae,Yaoxi Li,2025-02-08,21:08:12,-08:00,2025-02-08T21:08:12-08:00,0,0
style.css,244,css,fe6133ae,Yaoxi Li,2025-02-08,21:08:12,-08:00,2025-02-08T21:08:12-08:00,0,0
style.css,245,css,87720a44,Yaoxi Li,2025-02-08,21:15:05,-08:00,2025-02-08T21:15:05-08:00,0,15
style.css,246,css,87720a44,Yaoxi Li,2025-02-08,21:15:05,-08:00,2025-02-08T21:15:05-08:00,0,15
style.css,247,css,87720a44,Yaoxi Li,2025-02-08,21:15:05,-08:00,2025-02-08T21:15:05-08:00,0,17
style.css,248,css,87720a44,Yaoxi Li,2025-02-08,21:15:05,-08:00,2025-02-08T21:15:05-08:00,0,17
style.css,249,css,87720a44,Yaoxi Li,2025-02-08,21:15:05,-08:00,2025-02-08T21:15:05-08:00,0,0
style.css,250,css,87720a44,Yaoxi Li,2025-02-08,21:15:05,-08:00,2025-02-08T21:15:05-08:00,0,0
style.css,251,css,fe6133ae,Yaoxi Li,2025-02-08,21:08:12,-08:00,2025-02-08T21:08:12-08:00,0,8
style.css,252,css,fe6133ae,Yaoxi Li,2025-02-08,21:08:12,-08:00,2025-02-08T21:08:12-08:00,0,7
style.css,253,css,fe6133ae,Yaoxi Li,2025-02-08,21:08:12,-08:00,2025-02-08T21:08:12-08:00,0,13
style.css,254,css,fe6133ae,Yaoxi Li,2025-02-08,21:08:12,-08:00,2025-02-08T21:08:12-08:00,0,58
style.css,255,css,fe6133ae,Yaoxi Li,2025-02-08,21:08:12,-08:00,2025-02-08T21:08:12-08:00,0,43
style.css,256,css,fe6133ae,Yaoxi Li,2025-02-08,21:08:12,-08:00,2025-02-08T21:08:12-08:00,0,12
style.css,257,css,fe6133ae,Yaoxi Li,2025-02-08,21:08:12,-08:00,2025-02-08T21:08:12-08:00,0,22
style.css,258,css,fe6133ae,Yaoxi Li,2025-02-08,21:08:12,-08:00,2025-02-08T21:08:12-08:00,0,21
style.css,259,css,fe6133ae,Yaoxi Li,2025-02-08,21:08:12,-08:00,2025-02-08T21:08:12-08:00,0,0
style.css,260,css,fe6133ae,Yaoxi Li,2025-02-08,21:08:12,-08:00,2025-02-08T21:08:12-08:00,0,0
style.css,261,css,fe6133ae,Yaoxi Li,2025-02-08,21:08:12,-08:00,2025-02-08T21:08:12-08:00,0,11
style.css,262,css,fe6133ae,Yaoxi Li,2025-02-08,21:08:12,-08:00,2025-02-08T21:08:12-08:00,0,13
style.css,263,css,fe6133ae,Yaoxi Li,2025-02-08,21:08:12,-08:00,2025-02-08T21:08:12-08:00,0,19
style.css,264,css,fe6133ae,Yaoxi Li,2025-02-08,21:08:12,-08:00,2025-02-08T21:08:12-08:00,0,66
style.css,265,css,fe6133ae,Yaoxi Li,2025-02-08,21:08:12,-08:00,2025-02-08T21:08:12-08:00,0,0
style.css,266,css,fe6133ae,Yaoxi Li,2025-02-08,21:08:12,-08:00,2025-02-08T21:08:12-08:00,0,0
style.css,267,css,fe6133ae,Yaoxi Li,2025-02-08,21:08:12,-08:00,2025-02-08T21:08:12-08:00,0,19
style.css,268,css,fe6133ae,Yaoxi Li,2025-02-08,21:08:12,-08:00,2025-02-08T21:08:12-08:00,0,57
style.css,269,css,fe6133ae,Yaoxi Li,2025-02-08,21:08:12,-08:00,2025-02-08T21:08:12-08:00,0,24
style.css,270,css,fe6133ae,Yaoxi Li,2025-02-08,21:08:12,-08:00,2025-02-08T21:08:12-08:00,0,10
style.css,271,css,fe6133ae,Yaoxi Li,2025-02-08,21:08:12,-08:00,2025-02-08T21:08:12-08:00,0,11
style.css,272,css,fe6133ae,Yaoxi Li,2025-02-08,21:08:12,-08:00,2025-02-08T21:08:12-08:00,0,65
style.css,273,css,fe6133ae,Yaoxi Li,2025-02-08,21:08:12,-08:00,2025-02-08T21:08:12-08:00,0,21
style.css,274,css,fe6133ae,Yaoxi Li,2025-02-08,21:08:12,-08:00,2025-02-08T21:08:12-08:00,0,0
style.css,275,css,2a2d7919,Yaoxi Li,2025-02-08,22:37:10,-08:00,2025-02-08T22:37:10-08:00,0,0
style.css,276,css,2a2d7919,Yaoxi Li,2025-02-08,22:37:10,-08:00,2025-02-08T22:37:10-08:00,0,18
style.css,277,css,2a2d7919,Yaoxi Li,2025-02-08,22:37:10,-08:00,2025-02-08T22:37:10-08:00,0,17
style.css,278,css,2a2d7919,Yaoxi Li,2025-02-08,22:37:10,-08:00,2025-02-08T22:37:10-08:00,0,12
style.css,279,css,2a2d7919,Yaoxi Li,2025-02-08,22:37:10,-08:00,2025-02-08T22:37:10-08:00,0,0
style.css,280,css,2a2d7919,Yaoxi Li,2025-02-08,22:37:10,-08:00,2025-02-08T22:37:10-08:00,0,0
style.css,281,css,2a2d7919,Yaoxi Li,2025-02-08,22:37:10,-08:00,2025-02-08T22:37:10-08:00,0,0
style.css,282,css,2a2d7919,Yaoxi Li,2025-02-08,22:37:10,-08:00,2025-02-08T22:37:10-08:00,0,42
style.css,283,css,2a2d7919,Yaoxi Li,2025-02-08,22:37:10,-08:00,2025-02-08T22:37:10-08:00,0,9
style.css,284,css,2a2d7919,Yaoxi Li,2025-02-08,22:37:10,-08:00,2025-02-08T22:37:10-08:00,0,17
style.css,285,css,2a2d7919,Yaoxi Li,2025-02-08,22:37:10,-08:00,2025-02-08T22:37:10-08:00,0,54
style.css,286,css,2a2d7919,Yaoxi Li,2025-02-08,22:37:10,-08:00,2025-02-08T22:37:10-08:00,0,0
style.css,287,css,2a2d7919,Yaoxi Li,2025-02-08,22:37:10,-08:00,2025-02-08T22:37:10-08:00,0,0
style.css,288,css,2a2d7919,Yaoxi Li,2025-02-08,22:37:10,-08:00,2025-02-08T22:37:10-08:00,0,10
style.css,289,css,2a2d7919,Yaoxi Li,2025-02-08,22:37:10,-08:00,2025-02-08T22:37:10-08:00,0,36
style.css,290,css,2a2d7919,Yaoxi Li,2025-02-08,22:37:10,-08:00,2025-02-08T22:37:10-08:00,0,0
style.css,291,css,2a2d7919,Yaoxi Li,2025-02-08,22:37:10,-08:00,2025-02-08T22:37:10-08:00,0,0
style.css,292,css,bc7c8525,Yaoxi Li,2025-02-08,23:37:45,-08:00,2025-02-08T23:37:45-08:00,0,50
style.css,293,css,2a2d7919,Yaoxi Li,2025-02-08,22:37:10,-08:00,2025-02-08T22:37:10-08:00,0,19
style.css,294,css,bc7c8525,Yaoxi Li,2025-02-08,23:37:45,-08:00,2025-02-08T23:37:45-08:00,0,66
style.css,295,css,2a2d7919,Yaoxi Li,2025-02-08,22:37:10,-08:00,2025-02-08T22:37:10-08:00,0,0
style.css,296,css,2a2d7919,Yaoxi Li,2025-02-08,22:37:10,-08:00,2025-02-08T22:37:10-08:00,0,0
style.css,297,css,bc7c8525,Yaoxi Li,2025-02-08,23:37:45,-08:00,2025-02-08T23:37:45-08:00,0,59
style.css,298,css,2a2d7919,Yaoxi Li,2025-02-08,22:37:10,-08:00,2025-02-08T22:37:10-08:00,0,25
style.css,299,css,bc7c8525,Yaoxi Li,2025-02-08,23:37:45,-08:00,2025-02-08T23:37:45-08:00,0,49
style.css,300,css,2a2d7919,Yaoxi Li,2025-02-08,22:37:10,-08:00,2025-02-08T22:37:10-08:00,0,0
index.js,1,js,8153a082,Yaoxi Li,2025-01-31,23:10:02,-08:00,2025-01-31T23:10:02-08:00,0,72
index.js,2,js,1ae0f96d,Yaoxi Li,2025-01-31,22:55:54,-08:00,2025-01-31T22:55:54-08:00,0,0
index.js,3,js,1ae0f96d,Yaoxi Li,2025-01-31,22:55:54,-08:00,2025-01-31T22:55:54-08:00,0,36
index.js,4,js,1ae0f96d,Yaoxi Li,2025-01-31,22:55:54,-08:00,2025-01-31T22:55:54-08:00,0,43
index.js,5,js,1ae0f96d,Yaoxi Li,2025-01-31,22:55:54,-08:00,2025-01-31T22:55:54-08:00,0,55
index.js,6,js,1ae0f96d,Yaoxi Li,2025-01-31,22:55:54,-08:00,2025-01-31T22:55:54-08:00,0,0
index.js,7,js,1ae0f96d,Yaoxi Li,2025-01-31,22:55:54,-08:00,2025-01-31T22:55:54-08:00,0,40
index.js,8,js,1ae0f96d,Yaoxi Li,2025-01-31,22:55:54,-08:00,2025-01-31T22:55:54-08:00,0,43
index.js,9,js,1ae0f96d,Yaoxi Li,2025-01-31,22:55:54,-08:00,2025-01-31T22:55:54-08:00,0,0
index.js,10,js,1ae0f96d,Yaoxi Li,2025-01-31,22:55:54,-08:00,2025-01-31T22:55:54-08:00,0,59
index.js,11,js,1ae0f96d,Yaoxi Li,2025-01-31,22:55:54,-08:00,2025-01-31T22:55:54-08:00,0,61
index.js,12,js,1ae0f96d,Yaoxi Li,2025-01-31,22:55:54,-08:00,2025-01-31T22:55:54-08:00,0,24
index.js,13,js,1ae0f96d,Yaoxi Li,2025-01-31,22:55:54,-08:00,2025-01-31T22:55:54-08:00,0,56
index.js,14,js,1ae0f96d,Yaoxi Li,2025-01-31,22:55:54,-08:00,2025-01-31T22:55:54-08:00,0,6
index.js,15,js,1ae0f96d,Yaoxi Li,2025-01-31,22:55:54,-08:00,2025-01-31T22:55:54-08:00,0,0
index.js,16,js,1ae0f96d,Yaoxi Li,2025-01-31,22:55:54,-08:00,2025-01-31T22:55:54-08:00,0,0
index.js,17,js,1ae0f96d,Yaoxi Li,2025-01-31,22:55:54,-08:00,2025-01-31T22:55:54-08:00,0,73
index.js,18,js,1ae0f96d,Yaoxi Li,2025-01-31,22:55:54,-08:00,2025-01-31T22:55:54-08:00,0,55
index.js,19,js,1ae0f96d,Yaoxi Li,2025-01-31,22:55:54,-08:00,2025-01-31T22:55:54-08:00,0,0
index.js,20,js,1ae0f96d,Yaoxi Li,2025-01-31,22:55:54,-08:00,2025-01-31T22:55:54-08:00,0,0
index.js,21,js,1ae0f96d,Yaoxi Li,2025-01-31,22:55:54,-08:00,2025-01-31T22:55:54-08:00,0,34
index.js,22,js,1ae0f96d,Yaoxi Li,2025-01-31,22:55:54,-08:00,2025-01-31T22:55:54-08:00,0,59
index.js,23,js,ac241be6,Yaoxi Li,2025-01-31,23:30:30,-08:00,2025-01-31T23:30:30-08:00,0,55
index.js,24,js,1ae0f96d,Yaoxi Li,2025-01-31,22:55:54,-08:00,2025-01-31T22:55:54-08:00,0,0
index.js,25,js,1ae0f96d,Yaoxi Li,2025-01-31,22:55:54,-08:00,2025-01-31T22:55:54-08:00,0,50
index.js,26,js,1ae0f96d,Yaoxi Li,2025-01-31,22:55:54,-08:00,2025-01-31T22:55:54-08:00,0,61
index.js,27,js,1ae0f96d,Yaoxi Li,2025-01-31,22:55:54,-08:00,2025-01-31T22:55:54-08:00,0,0
index.js,28,js,1ae0f96d,Yaoxi Li,2025-01-31,22:55:54,-08:00,2025-01-31T22:55:54-08:00,0,48
index.js,29,js,1ae0f96d,Yaoxi Li,2025-01-31,22:55:54,-08:00,2025-01-31T22:55:54-08:00,0,18
index.js,30,js,1ae0f96d,Yaoxi Li,2025-01-31,22:55:54,-08:00,2025-01-31T22:55:54-08:00,0,25
index.js,31,js,1ae0f96d,Yaoxi Li,2025-01-31,22:55:54,-08:00,2025-01-31T22:55:54-08:00,0,28
index.js,32,js,1ae0f96d,Yaoxi Li,2025-01-31,22:55:54,-08:00,2025-01-31T22:55:54-08:00,0,3
index.js,33,js,1ae0f96d,Yaoxi Li,2025-01-31,22:55:54,-08:00,2025-01-31T22:55:54-08:00,0,56
index.js,34,js,1ae0f96d,Yaoxi Li,2025-01-31,22:55:54,-08:00,2025-01-31T22:55:54-08:00,0,56
index.js,35,js,1ae0f96d,Yaoxi Li,2025-01-31,22:55:54,-08:00,2025-01-31T22:55:54-08:00,0,50
index.js,36,js,1ae0f96d,Yaoxi Li,2025-01-31,22:55:54,-08:00,2025-01-31T22:55:54-08:00,0,50
index.js,37,js,1ae0f96d,Yaoxi Li,2025-01-31,22:55:54,-08:00,2025-01-31T22:55:54-08:00,0,4
index.js,38,js,1ae0f96d,Yaoxi Li,2025-01-31,22:55:54,-08:00,2025-01-31T22:55:54-08:00,0,1
index.js,39,js,1ae0f96d,Yaoxi Li,2025-01-31,22:55:54,-08:00,2025-01-31T22:55:54-08:00,0,7
index.js,40,js,1ae0f96d,Yaoxi Li,2025-01-31,22:55:54,-08:00,2025-01-31T22:55:54-08:00,0,58
index.js,41,js,1ae0f96d,Yaoxi Li,2025-01-31,22:55:54,-08:00,2025-01-31T22:55:54-08:00,0,0
index.js,42,js,1ae0f96d,Yaoxi Li,2025-01-31,22:55:54,-08:00,2025-01-31T22:55:54-08:00,0,0
index.js,43,js,1ae0f96d,Yaoxi Li,2025-01-31,22:55:54,-08:00,2025-01-31T22:55:54-08:00,0,0
index.js,44,js,1ae0f96d,Yaoxi Li,2025-01-31,22:55:54,-08:00,2025-01-31T22:55:54-08:00,0,50
index.js,45,js,1ae0f96d,Yaoxi Li,2025-01-31,22:55:54,-08:00,2025-01-31T22:55:54-08:00,0,52
index.js,46,js,1ae0f96d,Yaoxi Li,2025-01-31,22:55:54,-08:00,2025-01-31T22:55:54-08:00,0,20
index.js,47,js,1ae0f96d,Yaoxi Li,2025-01-31,22:55:54,-08:00,2025-01-31T22:55:54-08:00,0,18
index.js,48,js,1ae0f96d,Yaoxi Li,2025-01-31,22:55:54,-08:00,2025-01-31T22:55:54-08:00,0,2
index.html,1,html,41598ec4,Yaoxi Li,2025-01-10,21:25:53,-08:00,2025-01-10T21:25:53-08:00,0,14
index.html,2,html,d83be6d7,Yaoxi Li,2025-01-24,19:50:31,-08:00,2025-01-24T19:50:31-08:00,0,28
index.html,3,html,41598ec4,Yaoxi Li,2025-01-10,21:25:53,-08:00,2025-01-10T21:25:53-08:00,0,5
index.html,4,html,41598ec4,Yaoxi Li,2025-01-10,21:25:53,-08:00,2025-01-10T21:25:53-08:00,0,21
index.html,5,html,41598ec4,Yaoxi Li,2025-01-10,21:25:53,-08:00,2025-01-10T21:25:53-08:00,0,69
index.html,6,html,41598ec4,Yaoxi Li,2025-01-10,21:25:53,-08:00,2025-01-10T21:25:53-08:00,0,51
index.html,7,html,104efdcf,Yaoxi Li,2025-01-10,22:43:08,-08:00,2025-01-10T22:43:08-08:00,0,39
index.html,8,html,41598ec4,Yaoxi Li,2025-01-10,21:25:53,-08:00,2025-01-10T21:25:53-08:00,0,6
index.html,9,html,41598ec4,Yaoxi Li,2025-01-10,21:25:53,-08:00,2025-01-10T21:25:53-08:00,0,5
index.html,10,html,41598ec4,Yaoxi Li,2025-01-10,21:25:53,-08:00,2025-01-10T21:25:53-08:00,0,16
index.html,11,html,41598ec4,Yaoxi Li,2025-01-10,21:25:53,-08:00,2025-01-10T21:25:53-08:00,0,75
index.html,12,html,41598ec4,Yaoxi Li,2025-01-10,21:25:53,-08:00,2025-01-10T21:25:53-08:00,0,32
index.html,13,html,83cc4fea,Yaoxi Li,2025-01-11,01:41:01,-08:00,2025-01-11T01:41:01-08:00,0,82
index.html,14,html,1ae0f96d,Yaoxi Li,2025-01-31,22:55:54,-08:00,2025-01-31T22:55:54-08:00,0,51
index.html,15,html,1ae0f96d,Yaoxi Li,2025-01-31,22:55:54,-08:00,2025-01-31T22:55:54-08:00,0,5
index.html,16,html,1ae0f96d,Yaoxi Li,2025-01-31,22:55:54,-08:00,2025-01-31T22:55:54-08:00,0,23
index.html,17,html,1ae0f96d,Yaoxi Li,2025-01-31,22:55:54,-08:00,2025-01-31T22:55:54-08:00,0,75
index.html,18,html,1ae0f96d,Yaoxi Li,2025-01-31,22:55:54,-08:00,2025-01-31T22:55:54-08:00,0,21
index.html,19,html,1ae0f96d,Yaoxi Li,2025-01-31,22:55:54,-08:00,2025-01-31T22:55:54-08:00,0,50
index.html,20,html,1ae0f96d,Yaoxi Li,2025-01-31,22:55:54,-08:00,2025-01-31T22:55:54-08:00,0,5
index.html,21,html,1ae0f96d,Yaoxi Li,2025-01-31,22:55:54,-08:00,2025-01-31T22:55:54-08:00,0,0
index.html,22,html,1ae0f96d,Yaoxi Li,2025-01-31,22:55:54,-08:00,2025-01-31T22:55:54-08:00,0,42
index.html,23,html,1ae0f96d,Yaoxi Li,2025-01-31,22:55:54,-08:00,2025-01-31T22:55:54-08:00,0,23
index.html,24,html,1ae0f96d,Yaoxi Li,2025-01-31,22:55:54,-08:00,2025-01-31T22:55:54-08:00,0,45
index.html,25,html,1ae0f96d,Yaoxi Li,2025-01-31,22:55:54,-08:00,2025-01-31T22:55:54-08:00,0,5
index.html,26,html,1ae0f96d,Yaoxi Li,2025-01-31,22:55:54,-08:00,2025-01-31T22:55:54-08:00,0,6
index.html,27,html,41598ec4,Yaoxi Li,2025-01-10,21:25:53,-08:00,2025-01-10T21:25:53-08:00,0,6
index.html,28,html,41598ec4,Yaoxi Li,2025-01-10,21:25:53,-08:00,2025-01-10T21:25:53-08:00,0,6
global.js,1,js,9afa1e9f,Yaoxi Li,2025-01-23,11:13:48,-08:00,2025-01-23T11:13:48-08:00,0,26
global.js,2,js,9afa1e9f,Yaoxi Li,2025-01-23,11:13:48,-08:00,2025-01-23T11:13:48-08:00,0,0
global.js,3,js,9afa1e9f,Yaoxi Li,2025-01-23,11:13:48,-08:00,2025-01-23T11:13:48-08:00,0,42
global.js,4,js,623cc9ac,Yaoxi Li,2025-01-23,23:53:33,-08:00,2025-01-23T23:53:33-08:00,0,51
global.js,5,js,9afa1e9f,Yaoxi Li,2025-01-23,11:13:48,-08:00,2025-01-23T11:13:48-08:00,0,53
global.js,6,js,623cc9ac,Yaoxi Li,2025-01-23,23:53:33,-08:00,2025-01-23T23:53:33-08:00,0,0
global.js,7,js,623cc9ac,Yaoxi Li,2025-01-23,23:53:33,-08:00,2025-01-23T23:53:33-08:00,0,0
global.js,8,js,2c4da04f,Yaoxi Li,2025-01-24,02:13:36,-08:00,2025-01-24T02:13:36-08:00,0,12
global.js,9,js,2c4da04f,Yaoxi Li,2025-01-24,02:13:36,-08:00,2025-01-24T02:13:36-08:00,0,26
global.js,10,js,2c4da04f,Yaoxi Li,2025-01-24,02:13:36,-08:00,2025-01-24T02:13:36-08:00,0,39
global.js,11,js,2c4da04f,Yaoxi Li,2025-01-24,02:13:36,-08:00,2025-01-24T02:13:36-08:00,0,37
global.js,12,js,35659f92,Yaoxi Li,2025-02-15,01:18:44,-08:00,2025-02-15T01:18:44-08:00,0,31
global.js,13,js,35659f92,Yaoxi Li,2025-02-15,01:18:44,-08:00,2025-02-15T01:18:44-08:00,0,26
global.js,14,js,2c4da04f,Yaoxi Li,2025-01-24,02:13:36,-08:00,2025-01-24T02:13:36-08:00,0,0
global.js,15,js,2c4da04f,Yaoxi Li,2025-01-24,02:13:36,-08:00,2025-01-24T02:13:36-08:00,0,0
global.js,16,js,2c4da04f,Yaoxi Li,2025-01-24,02:13:36,-08:00,2025-01-24T02:13:36-08:00,0,35
global.js,17,js,2c4da04f,Yaoxi Li,2025-01-24,02:13:36,-08:00,2025-01-24T02:13:36-08:00,0,71
global.js,18,js,2c4da04f,Yaoxi Li,2025-01-24,02:13:36,-08:00,2025-01-24T02:13:36-08:00,0,0
global.js,19,js,229d5c9d,Yaoxi Li,2025-01-24,14:47:04,-08:00,2025-01-24T14:47:04-08:00,0,26
global.js,20,js,2c4da04f,Yaoxi Li,2025-01-24,02:13:36,-08:00,2025-01-24T02:13:36-08:00,0,39
global.js,21,js,2c4da04f,Yaoxi Li,2025-01-24,02:13:36,-08:00,2025-01-24T02:13:36-08:00,0,26
global.js,22,js,2c4da04f,Yaoxi Li,2025-01-24,02:13:36,-08:00,2025-01-24T02:13:36-08:00,0,0
global.js,23,js,2c4da04f,Yaoxi Li,2025-01-24,02:13:36,-08:00,2025-01-24T02:13:36-08:00,0,21
global.js,24,js,2c4da04f,Yaoxi Li,2025-01-24,02:13:36,-08:00,2025-01-24T02:13:36-08:00,0,15
global.js,25,js,2c4da04f,Yaoxi Li,2025-01-24,02:13:36,-08:00,2025-01-24T02:13:36-08:00,0,19
global.js,26,js,2c4da04f,Yaoxi Li,2025-01-24,02:13:36,-08:00,2025-01-24T02:13:36-08:00,0,0
global.js,27,js,2c4da04f,Yaoxi Li,2025-01-24,02:13:36,-08:00,2025-01-24T02:13:36-08:00,0,35
global.js,28,js,2c4da04f,Yaoxi Li,2025-01-24,02:13:36,-08:00,2025-01-24T02:13:36-08:00,0,65
global.js,29,js,2c4da04f,Yaoxi Li,2025-01-24,02:13:36,-08:00,2025-01-24T02:13:36-08:00,0,0
global.js,30,js,229d5c9d,Yaoxi Li,2025-01-24,14:47:04,-08:00,2025-01-24T14:47:04-08:00,0,24
global.js,31,js,229d5c9d,Yaoxi Li,2025-01-24,14:47:04,-08:00,2025-01-24T14:47:04-08:00,0,35
global.js,32,js,229d5c9d,Yaoxi Li,2025-01-24,14:47:04,-08:00,2025-01-24T14:47:04-08:00,0,12
global.js,33,js,229d5c9d,Yaoxi Li,2025-01-24,14:47:04,-08:00,2025-01-24T14:47:04-08:00,0,21
global.js,34,js,229d5c9d,Yaoxi Li,2025-01-24,14:47:04,-08:00,2025-01-24T14:47:04-08:00,0,0
global.js,35,js,229d5c9d,Yaoxi Li,2025-01-24,14:47:04,-08:00,2025-01-24T14:47:04-08:00,0,28
global.js,36,js,229d5c9d,Yaoxi Li,2025-01-24,14:47:04,-08:00,2025-01-24T14:47:04-08:00,0,18
global.js,37,js,229d5c9d,Yaoxi Li,2025-01-24,14:47:04,-08:00,2025-01-24T14:47:04-08:00,0,9
global.js,38,js,229d5c9d,Yaoxi Li,2025-01-24,14:47:04,-08:00,2025-01-24T14:47:04-08:00,0,59
global.js,39,js,229d5c9d,Yaoxi Li,2025-01-24,14:47:04,-08:00,2025-01-24T14:47:04-08:00,0,1
global.js,40,js,229d5c9d,Yaoxi Li,2025-01-24,14:47:04,-08:00,2025-01-24T14:47:04-08:00,0,0
global.js,41,js,229d5c9d,Yaoxi Li,2025-01-24,14:47:04,-08:00,2025-01-24T14:47:04-08:00,0,34
global.js,42,js,229d5c9d,Yaoxi Li,2025-01-24,14:47:04,-08:00,2025-01-24T14:47:04-08:00,0,53
global.js,43,js,229d5c9d,Yaoxi Li,2025-01-24,14:47:04,-08:00,2025-01-24T14:47:04-08:00,0,0
global.js,44,js,229d5c9d,Yaoxi Li,2025-01-24,14:47:04,-08:00,2025-01-24T14:47:04-08:00,0,26
global.js,45,js,229d5c9d,Yaoxi Li,2025-01-24,14:47:04,-08:00,2025-01-24T14:47:04-08:00,0,13
global.js,46,js,f8e3b450,Yaoxi Li,2025-01-24,18:45:51,-08:00,2025-01-24T18:45:51-08:00,0,0
global.js,47,js,f8e3b450,Yaoxi Li,2025-01-24,18:45:51,-08:00,2025-01-24T18:45:51-08:00,0,0
global.js,48,js,f8e3b450,Yaoxi Li,2025-01-24,18:45:51,-08:00,2025-01-24T18:45:51-08:00,0,32
global.js,49,js,f8e3b450,Yaoxi Li,2025-01-24,18:45:51,-08:00,2025-01-24T18:45:51-08:00,0,12
global.js,50,js,f8e3b450,Yaoxi Li,2025-01-24,18:45:51,-08:00,2025-01-24T18:45:51-08:00,0,0
global.js,51,js,f8e3b450,Yaoxi Li,2025-01-24,18:45:51,-08:00,2025-01-24T18:45:51-08:00,0,27
global.js,52,js,f8e3b450,Yaoxi Li,2025-01-24,18:45:51,-08:00,2025-01-24T18:45:51-08:00,0,5
global.js,53,js,f8e3b450,Yaoxi Li,2025-01-24,18:45:51,-08:00,2025-01-24T18:45:51-08:00,0,27
global.js,54,js,f8e3b450,Yaoxi Li,2025-01-24,18:45:51,-08:00,2025-01-24T18:45:51-08:00,0,44
global.js,55,js,f8e3b450,Yaoxi Li,2025-01-24,18:45:51,-08:00,2025-01-24T18:45:51-08:00,0,35
global.js,56,js,f8e3b450,Yaoxi Li,2025-01-24,18:45:51,-08:00,2025-01-24T18:45:51-08:00,0,33
global.js,57,js,f8e3b450,Yaoxi Li,2025-01-24,18:45:51,-08:00,2025-01-24T18:45:51-08:00,0,8
global.js,58,js,f8e3b450,Yaoxi Li,2025-01-24,18:45:51,-08:00,2025-01-24T18:45:51-08:00,0,7
global.js,59,js,f8e3b450,Yaoxi Li,2025-01-24,18:45:51,-08:00,2025-01-24T18:45:51-08:00,0,0
global.js,60,js,f8e3b450,Yaoxi Li,2025-01-24,18:45:51,-08:00,2025-01-24T18:45:51-08:00,0,1
global.js,61,js,f8e3b450,Yaoxi Li,2025-01-24,18:45:51,-08:00,2025-01-24T18:45:51-08:00,0,0
global.js,62,js,f8e3b450,Yaoxi Li,2025-01-24,18:45:51,-08:00,2025-01-24T18:45:51-08:00,0,63
global.js,63,js,f8e3b450,Yaoxi Li,2025-01-24,18:45:51,-08:00,2025-01-24T18:45:51-08:00,0,0
global.js,64,js,f8e3b450,Yaoxi Li,2025-01-24,18:45:51,-08:00,2025-01-24T18:45:51-08:00,0,34
global.js,65,js,f8e3b450,Yaoxi Li,2025-01-24,18:45:51,-08:00,2025-01-24T18:45:51-08:00,0,65
global.js,66,js,f8e3b450,Yaoxi Li,2025-01-24,18:45:51,-08:00,2025-01-24T18:45:51-08:00,0,43
global.js,67,js,f8e3b450,Yaoxi Li,2025-01-24,18:45:51,-08:00,2025-01-24T18:45:51-08:00,0,0
global.js,68,js,f8e3b450,Yaoxi Li,2025-01-24,18:45:51,-08:00,2025-01-24T18:45:51-08:00,0,0
global.js,69,js,f8e3b450,Yaoxi Li,2025-01-24,18:45:51,-08:00,2025-01-24T18:45:51-08:00,0,28
global.js,70,js,f8e3b450,Yaoxi Li,2025-01-24,18:45:51,-08:00,2025-01-24T18:45:51-08:00,0,83
global.js,71,js,f8e3b450,Yaoxi Li,2025-01-24,18:45:51,-08:00,2025-01-24T18:45:51-08:00,0,0
global.js,72,js,f8e3b450,Yaoxi Li,2025-01-24,18:45:51,-08:00,2025-01-24T18:45:51-08:00,0,0
global.js,73,js,f8e3b450,Yaoxi Li,2025-01-24,18:45:51,-08:00,2025-01-24T18:45:51-08:00,0,51
global.js,74,js,f8e3b450,Yaoxi Li,2025-01-24,18:45:51,-08:00,2025-01-24T18:45:51-08:00,0,81
global.js,75,js,f8e3b450,Yaoxi Li,2025-01-24,18:45:51,-08:00,2025-01-24T18:45:51-08:00,0,65
global.js,76,js,f8e3b450,Yaoxi Li,2025-01-24,18:45:51,-08:00,2025-01-24T18:45:51-08:00,0,0
global.js,77,js,f8e3b450,Yaoxi Li,2025-01-24,18:45:51,-08:00,2025-01-24T18:45:51-08:00,0,83
global.js,78,js,f8e3b450,Yaoxi Li,2025-01-24,18:45:51,-08:00,2025-01-24T18:45:51-08:00,0,65
global.js,79,js,f8e3b450,Yaoxi Li,2025-01-24,18:45:51,-08:00,2025-01-24T18:45:51-08:00,0,2
global.js,80,js,f8e3b450,Yaoxi Li,2025-01-24,18:45:51,-08:00,2025-01-24T18:45:51-08:00,0,0
global.js,81,js,f8e3b450,Yaoxi Li,2025-01-24,18:45:51,-08:00,2025-01-24T18:45:51-08:00,0,52
global.js,82,js,f8e3b450,Yaoxi Li,2025-01-24,18:45:51,-08:00,2025-01-24T18:45:51-08:00,0,72
global.js,83,js,f8e3b450,Yaoxi Li,2025-01-24,18:45:51,-08:00,2025-01-24T18:45:51-08:00,0,33
global.js,84,js,f8e3b450,Yaoxi Li,2025-01-24,18:45:51,-08:00,2025-01-24T18:45:51-08:00,0,30
global.js,85,js,f8e3b450,Yaoxi Li,2025-01-24,18:45:51,-08:00,2025-01-24T18:45:51-08:00,0,0
global.js,86,js,f8e3b450,Yaoxi Li,2025-01-24,18:45:51,-08:00,2025-01-24T18:45:51-08:00,0,41
global.js,87,js,f8e3b450,Yaoxi Li,2025-01-24,18:45:51,-08:00,2025-01-24T18:45:51-08:00,0,52
global.js,88,js,f8e3b450,Yaoxi Li,2025-01-24,18:45:51,-08:00,2025-01-24T18:45:51-08:00,0,40
global.js,89,js,f8e3b450,Yaoxi Li,2025-01-24,18:45:51,-08:00,2025-01-24T18:45:51-08:00,0,32
global.js,90,js,d0c5983b,Yaoxi Li,2025-01-24,21:38:52,-08:00,2025-01-24T21:38:52-08:00,0,2
global.js,91,js,d0c5983b,Yaoxi Li,2025-01-24,21:38:52,-08:00,2025-01-24T21:38:52-08:00,0,0
global.js,92,js,d0c5983b,Yaoxi Li,2025-01-24,21:38:52,-08:00,2025-01-24T21:38:52-08:00,0,80
global.js,93,js,d0c5983b,Yaoxi Li,2025-01-24,21:38:52,-08:00,2025-01-24T21:38:52-08:00,0,61
global.js,94,js,d0c5983b,Yaoxi Li,2025-01-24,21:38:52,-08:00,2025-01-24T21:38:52-08:00,0,0
global.js,95,js,d0c5983b,Yaoxi Li,2025-01-24,21:38:52,-08:00,2025-01-24T21:38:52-08:00,0,50
global.js,96,js,d0c5983b,Yaoxi Li,2025-01-24,21:38:52,-08:00,2025-01-24T21:38:52-08:00,0,47
global.js,97,js,d0c5983b,Yaoxi Li,2025-01-24,21:38:52,-08:00,2025-01-24T21:38:52-08:00,0,22
global.js,98,js,d0c5983b,Yaoxi Li,2025-01-24,21:38:52,-08:00,2025-01-24T21:38:52-08:00,0,0
global.js,99,js,d0c5983b,Yaoxi Li,2025-01-24,21:38:52,-08:00,2025-01-24T21:38:52-08:00,0,40
global.js,100,js,d0c5983b,Yaoxi Li,2025-01-24,21:38:52,-08:00,2025-01-24T21:38:52-08:00,0,31
global.js,101,js,d0c5983b,Yaoxi Li,2025-01-24,21:38:52,-08:00,2025-01-24T21:38:52-08:00,0,0
global.js,102,js,d0c5983b,Yaoxi Li,2025-01-24,21:38:52,-08:00,2025-01-24T21:38:52-08:00,0,51
global.js,103,js,d0c5983b,Yaoxi Li,2025-01-24,21:38:52,-08:00,2025-01-24T21:38:52-08:00,0,15
global.js,104,js,d0c5983b,Yaoxi Li,2025-01-24,21:38:52,-08:00,2025-01-24T21:38:52-08:00,0,0
global.js,105,js,d0c5983b,Yaoxi Li,2025-01-24,21:38:52,-08:00,2025-01-24T21:38:52-08:00,0,32
global.js,106,js,d0c5983b,Yaoxi Li,2025-01-24,21:38:52,-08:00,2025-01-24T21:38:52-08:00,0,69
global.js,107,js,d0c5983b,Yaoxi Li,2025-01-24,21:38:52,-08:00,2025-01-24T21:38:52-08:00,0,44
global.js,108,js,d0c5983b,Yaoxi Li,2025-01-24,21:38:52,-08:00,2025-01-24T21:38:52-08:00,0,46
global.js,109,js,d0c5983b,Yaoxi Li,2025-01-24,21:38:52,-08:00,2025-01-24T21:38:52-08:00,0,45
global.js,110,js,d0c5983b,Yaoxi Li,2025-01-24,21:38:52,-08:00,2025-01-24T21:38:52-08:00,0,0
global.js,111,js,d0c5983b,Yaoxi Li,2025-01-24,21:38:52,-08:00,2025-01-24T21:38:52-08:00,0,0
global.js,112,js,d0c5983b,Yaoxi Li,2025-01-24,21:38:52,-08:00,2025-01-24T21:38:52-08:00,0,28
global.js,113,js,d0c5983b,Yaoxi Li,2025-01-24,21:38:52,-08:00,2025-01-24T21:38:52-08:00,0,36
global.js,114,js,d0c5983b,Yaoxi Li,2025-01-24,21:38:52,-08:00,2025-01-24T21:38:52-08:00,0,0
global.js,115,js,d0c5983b,Yaoxi Li,2025-01-24,21:38:52,-08:00,2025-01-24T21:38:52-08:00,0,46
global.js,116,js,d0c5983b,Yaoxi Li,2025-01-24,21:38:52,-08:00,2025-01-24T21:38:52-08:00,0,43
global.js,117,js,d0c5983b,Yaoxi Li,2025-01-24,21:38:52,-08:00,2025-01-24T21:38:52-08:00,0,0
global.js,118,js,d0c5983b,Yaoxi Li,2025-01-24,21:38:52,-08:00,2025-01-24T21:38:52-08:00,0,51
global.js,119,js,d0c5983b,Yaoxi Li,2025-01-24,21:38:52,-08:00,2025-01-24T21:38:52-08:00,0,19
global.js,120,js,9812ec02,Yaoxi Li,2025-01-31,13:42:19,-08:00,2025-01-31T13:42:19-08:00,0,2
global.js,121,js,9812ec02,Yaoxi Li,2025-01-31,13:42:19,-08:00,2025-01-31T13:42:19-08:00,0,0
global.js,122,js,9812ec02,Yaoxi Li,2025-01-31,13:42:19,-08:00,2025-01-31T13:42:19-08:00,0,37
global.js,123,js,9812ec02,Yaoxi Li,2025-01-31,13:42:19,-08:00,2025-01-31T13:42:19-08:00,0,4
global.js,124,js,9812ec02,Yaoxi Li,2025-01-31,13:42:19,-08:00,2025-01-31T13:42:19-08:00,0,40
global.js,125,js,9812ec02,Yaoxi Li,2025-01-31,13:42:19,-08:00,2025-01-31T13:42:19-08:00,0,33
global.js,126,js,9812ec02,Yaoxi Li,2025-01-31,13:42:19,-08:00,2025-01-31T13:42:19-08:00,0,0
global.js,127,js,9812ec02,Yaoxi Li,2025-01-31,13:42:19,-08:00,2025-01-31T13:42:19-08:00,0,40
global.js,128,js,9812ec02,Yaoxi Li,2025-01-31,13:42:19,-08:00,2025-01-31T13:42:19-08:00,0,41
global.js,129,js,9812ec02,Yaoxi Li,2025-01-31,13:42:19,-08:00,2025-01-31T13:42:19-08:00,0,0
global.js,130,js,9812ec02,Yaoxi Li,2025-01-31,13:42:19,-08:00,2025-01-31T13:42:19-08:00,0,37
global.js,131,js,9812ec02,Yaoxi Li,2025-01-31,13:42:19,-08:00,2025-01-31T13:42:19-08:00,0,18
global.js,132,js,9812ec02,Yaoxi Li,2025-01-31,13:42:19,-08:00,2025-01-31T13:42:19-08:00,0,67
global.js,133,js,9812ec02,Yaoxi Li,2025-01-31,13:42:19,-08:00,2025-01-31T13:42:19-08:00,0,0
global.js,134,js,9812ec02,Yaoxi Li,2025-01-31,13:42:19,-08:00,2025-01-31T13:42:19-08:00,0,0
global.js,135,js,9812ec02,Yaoxi Li,2025-01-31,13:42:19,-08:00,2025-01-31T13:42:19-08:00,0,21
global.js,136,js,9812ec02,Yaoxi Li,2025-01-31,13:42:19,-08:00,2025-01-31T13:42:19-08:00,0,34
global.js,137,js,9812ec02,Yaoxi Li,2025-01-31,13:42:19,-08:00,2025-01-31T13:42:19-08:00,0,72
global.js,138,js,9812ec02,Yaoxi Li,2025-01-31,13:42:19,-08:00,2025-01-31T13:42:19-08:00,0,0
global.js,139,js,9812ec02,Yaoxi Li,2025-01-31,13:42:19,-08:00,2025-01-31T13:42:19-08:00,0,11
global.js,140,js,9812ec02,Yaoxi Li,2025-01-31,13:42:19,-08:00,2025-01-31T13:42:19-08:00,0,16
global.js,141,js,9812ec02,Yaoxi Li,2025-01-31,13:42:19,-08:00,2025-01-31T13:42:19-08:00,0,60
global.js,142,js,9812ec02,Yaoxi Li,2025-01-31,13:42:19,-08:00,2025-01-31T13:42:19-08:00,0,0
global.js,143,js,9127b993,Yaoxi Li,2025-01-31,14:31:30,-08:00,2025-01-31T14:31:30-08:00,0,0
global.js,144,js,9127b993,Yaoxi Li,2025-01-31,14:31:30,-08:00,2025-01-31T14:31:30-08:00,0,0
global.js,145,js,09c61f3a,Yaoxi Li,2025-01-31,23:28:23,-08:00,2025-01-31T23:28:23-08:00,0,48
global.js,146,js,09c61f3a,Yaoxi Li,2025-01-31,23:28:23,-08:00,2025-01-31T23:28:23-08:00,0,68
global.js,147,js,09c61f3a,Yaoxi Li,2025-01-31,23:28:23,-08:00,2025-01-31T23:28:23-08:00,0,60
global.js,148,js,09c61f3a,Yaoxi Li,2025-01-31,23:28:23,-08:00,2025-01-31T23:28:23-08:00,0,0
global.js,149,js,09c61f3a,Yaoxi Li,2025-01-31,23:28:23,-08:00,2025-01-31T23:28:23-08:00,0,0
global.js,150,js,9127b993,Yaoxi Li,2025-01-31,14:31:30,-08:00,2025-01-31T14:31:30-08:00,0,80
global.js,151,js,9127b993,Yaoxi Li,2025-01-31,14:31:30,-08:00,2025-01-31T14:31:30-08:00,0,69
global.js,152,js,9127b993,Yaoxi Li,2025-01-31,14:31:30,-08:00,2025-01-31T14:31:30-08:00,0,63
global.js,153,js,9127b993,Yaoxi Li,2025-01-31,14:31:30,-08:00,2025-01-31T14:31:30-08:00,0,0
global.js,154,js,9127b993,Yaoxi Li,2025-01-31,14:31:30,-08:00,2025-01-31T14:31:30-08:00,0,47
global.js,155,js,9127b993,Yaoxi Li,2025-01-31,14:31:30,-08:00,2025-01-31T14:31:30-08:00,0,31
global.js,156,js,9127b993,Yaoxi Li,2025-01-31,14:31:30,-08:00,2025-01-31T14:31:30-08:00,0,0
global.js,157,js,9127b993,Yaoxi Li,2025-01-31,14:31:30,-08:00,2025-01-31T14:31:30-08:00,0,72
global.js,158,js,9127b993,Yaoxi Li,2025-01-31,14:31:30,-08:00,2025-01-31T14:31:30-08:00,0,28
global.js,159,js,9127b993,Yaoxi Li,2025-01-31,14:31:30,-08:00,2025-01-31T14:31:30-08:00,0,23
global.js,160,js,9127b993,Yaoxi Li,2025-01-31,14:31:30,-08:00,2025-01-31T14:31:30-08:00,0,44
global.js,161,js,9127b993,Yaoxi Li,2025-01-31,14:31:30,-08:00,2025-01-31T14:31:30-08:00,0,78
global.js,162,js,9127b993,Yaoxi Li,2025-01-31,14:31:30,-08:00,2025-01-31T14:31:30-08:00,0,6
global.js,163,js,9127b993,Yaoxi Li,2025-01-31,14:31:30,-08:00,2025-01-31T14:31:30-08:00,0,0
global.js,164,js,9127b993,Yaoxi Li,2025-01-31,14:31:30,-08:00,2025-01-31T14:31:30-08:00,0,0
global.js,165,js,9127b993,Yaoxi Li,2025-01-31,14:31:30,-08:00,2025-01-31T14:31:30-08:00,0,29
global.js,166,js,9127b993,Yaoxi Li,2025-01-31,14:31:30,-08:00,2025-01-31T14:31:30-08:00,0,49
global.js,167,js,9127b993,Yaoxi Li,2025-01-31,14:31:30,-08:00,2025-01-31T14:31:30-08:00,0,0
global.js,168,js,9127b993,Yaoxi Li,2025-01-31,14:31:30,-08:00,2025-01-31T14:31:30-08:00,0,24
global.js,169,js,9127b993,Yaoxi Li,2025-01-31,14:31:30,-08:00,2025-01-31T14:31:30-08:00,0,52
global.js,170,js,9127b993,Yaoxi Li,2025-01-31,14:31:30,-08:00,2025-01-31T14:31:30-08:00,0,35
global.js,171,js,9127b993,Yaoxi Li,2025-01-31,14:31:30,-08:00,2025-01-31T14:31:30-08:00,0,0
global.js,172,js,873e7d92,Yaoxi Li,2025-02-08,19:02:16,-08:00,2025-02-08T19:02:16-08:00,0,61
global.js,173,js,873e7d92,Yaoxi Li,2025-02-08,19:02:16,-08:00,2025-02-08T19:02:16-08:00,0,18
global.js,174,js,873e7d92,Yaoxi Li,2025-02-08,19:02:16,-08:00,2025-02-08T19:02:16-08:00,0,47
global.js,175,js,873e7d92,Yaoxi Li,2025-02-08,19:02:16,-08:00,2025-02-08T19:02:16-08:00,0,78
global.js,176,js,873e7d92,Yaoxi Li,2025-02-08,19:02:16,-08:00,2025-02-08T19:02:16-08:00,0,49
global.js,177,js,873e7d92,Yaoxi Li,2025-02-08,19:02:16,-08:00,2025-02-08T19:02:16-08:00,0,32
global.js,178,js,873e7d92,Yaoxi Li,2025-02-08,19:02:16,-08:00,2025-02-08T19:02:16-08:00,0,0
global.js,179,js,873e7d92,Yaoxi Li,2025-02-08,19:02:16,-08:00,2025-02-08T19:02:16-08:00,0,0
global.js,180,js,9127b993,Yaoxi Li,2025-01-31,14:31:30,-08:00,2025-01-31T14:31:30-08:00,0,53
global.js,181,js,9127b993,Yaoxi Li,2025-01-31,14:31:30,-08:00,2025-01-31T14:31:30-08:00,0,41
global.js,182,js,9127b993,Yaoxi Li,2025-01-31,14:31:30,-08:00,2025-01-31T14:31:30-08:00,0,19
global.js,183,js,9127b993,Yaoxi Li,2025-01-31,14:31:30,-08:00,2025-01-31T14:31:30-08:00,0,23
global.js,184,js,9127b993,Yaoxi Li,2025-01-31,14:31:30,-08:00,2025-01-31T14:31:30-08:00,0,23
global.js,185,js,9127b993,Yaoxi Li,2025-01-31,14:31:30,-08:00,2025-01-31T14:31:30-08:00,0,7
global.js,186,js,9127b993,Yaoxi Li,2025-01-31,14:31:30,-08:00,2025-01-31T14:31:30-08:00,0,61
global.js,187,js,9127b993,Yaoxi Li,2025-01-31,14:31:30,-08:00,2025-01-31T14:31:30-08:00,0,51
global.js,188,js,9127b993,Yaoxi Li,2025-01-31,14:31:30,-08:00,2025-01-31T14:31:30-08:00,0,0
global.js,189,js,9127b993,Yaoxi Li,2025-01-31,14:31:30,-08:00,2025-01-31T14:31:30-08:00,0,0
global.js,190,js,9127b993,Yaoxi Li,2025-01-31,14:31:30,-08:00,2025-01-31T14:31:30-08:00,0,40
global.js,191,js,9127b993,Yaoxi Li,2025-01-31,14:31:30,-08:00,2025-01-31T14:31:30-08:00,0,47
global.js,192,js,9127b993,Yaoxi Li,2025-01-31,14:31:30,-08:00,2025-01-31T14:31:30-08:00,0,45
global.js,193,js,9127b993,Yaoxi Li,2025-01-31,14:31:30,-08:00,2025-01-31T14:31:30-08:00,0,0
global.js,194,js,9127b993,Yaoxi Li,2025-01-31,14:31:30,-08:00,2025-01-31T14:31:30-08:00,0,32
global.js,195,js,9127b993,Yaoxi Li,2025-01-31,14:31:30,-08:00,2025-01-31T14:31:30-08:00,0,28
global.js,196,js,9127b993,Yaoxi Li,2025-01-31,14:31:30,-08:00,2025-01-31T14:31:30-08:00,0,24
global.js,197,js,9127b993,Yaoxi Li,2025-01-31,14:31:30,-08:00,2025-01-31T14:31:30-08:00,0,32
global.js,198,js,9127b993,Yaoxi Li,2025-01-31,14:31:30,-08:00,2025-01-31T14:31:30-08:00,0,0
global.js,199,js,9127b993,Yaoxi Li,2025-01-31,14:31:30,-08:00,2025-01-31T14:31:30-08:00,0,37
global.js,200,js,9127b993,Yaoxi Li,2025-01-31,14:31:30,-08:00,2025-01-31T14:31:30-08:00,0,37
global.js,201,js,9127b993,Yaoxi Li,2025-01-31,14:31:30,-08:00,2025-01-31T14:31:30-08:00,0,2
global.js,202,js,9812ec02,Yaoxi Li,2025-01-31,13:42:19,-08:00,2025-01-31T13:42:19-08:00,0,0
projects/projects.js,1,js,9127b993,Yaoxi Li,2025-01-31,14:31:30,-08:00,2025-01-31T14:31:30-08:00,0,56
projects/projects.js,2,js,387df702,Yaoxi Li,2025-02-08,18:00:00,-08:00,2025-02-08T18:00:00-08:00,0,64
projects/projects.js,3,js,f0d182c4,Yaoxi Li,2025-01-31,23:39:06,-08:00,2025-01-31T23:39:06-08:00,0,0
projects/projects.js,4,js,bc7c8525,Yaoxi Li,2025-02-08,23:37:45,-08:00,2025-02-08T23:37:45-08:00,0,18
projects/projects.js,5,js,bc7c8525,Yaoxi Li,2025-02-08,23:37:45,-08:00,2025-02-08T23:37:45-08:00,0,17
projects/projects.js,6,js,bc7c8525,Yaoxi Li,2025-02-08,23:37:45,-08:00,2025-02-08T23:37:45-08:00,0,14
projects/projects.js,7,js,bc7c8525,Yaoxi Li,2025-02-08,23:37:45,-08:00,2025-02-08T23:37:45-08:00,0,22
projects/projects.js,8,js,bc7c8525,Yaoxi Li,2025-02-08,23:37:45,-08:00,2025-02-08T23:37:45-08:00,0,21
projects/projects.js,9,js,bc7c8525,Yaoxi Li,2025-02-08,23:37:45,-08:00,2025-02-08T23:37:45-08:00,0,0
projects/projects.js,10,js,bc7c8525,Yaoxi Li,2025-02-08,23:37:45,-08:00,2025-02-08T23:37:45-08:00,0,54
projects/projects.js,11,js,bc7c8525,Yaoxi Li,2025-02-08,23:37:45,-08:00,2025-02-08T23:37:45-08:00,0,58
projects/projects.js,12,js,bc7c8525,Yaoxi Li,2025-02-08,23:37:45,-08:00,2025-02-08T23:37:45-08:00,0,11
projects/projects.js,13,js,bc7c8525,Yaoxi Li,2025-02-08,23:37:45,-08:00,2025-02-08T23:37:45-08:00,0,50
projects/projects.js,14,js,4570c8d8,Yaoxi Li,2025-02-08,23:22:12,-08:00,2025-02-08T23:22:12-08:00,0,0
projects/projects.js,15,js,bc7c8525,Yaoxi Li,2025-02-08,23:37:45,-08:00,2025-02-08T23:37:45-08:00,0,39
projects/projects.js,16,js,bc7c8525,Yaoxi Li,2025-02-08,23:37:45,-08:00,2025-02-08T23:37:45-08:00,0,55
projects/projects.js,17,js,4570c8d8,Yaoxi Li,2025-02-08,23:22:12,-08:00,2025-02-08T23:22:12-08:00,0,24
projects/projects.js,18,js,4570c8d8,Yaoxi Li,2025-02-08,23:22:12,-08:00,2025-02-08T23:22:12-08:00,0,56
projects/projects.js,19,js,4570c8d8,Yaoxi Li,2025-02-08,23:22:12,-08:00,2025-02-08T23:22:12-08:00,0,6
projects/projects.js,20,js,4570c8d8,Yaoxi Li,2025-02-08,23:22:12,-08:00,2025-02-08T23:22:12-08:00,0,0
projects/projects.js,21,js,4570c8d8,Yaoxi Li,2025-02-08,23:22:12,-08:00,2025-02-08T23:22:12-08:00,0,0
projects/projects.js,22,js,bc7c8525,Yaoxi Li,2025-02-08,23:37:45,-08:00,2025-02-08T23:37:45-08:00,0,44
projects/projects.js,23,js,4570c8d8,Yaoxi Li,2025-02-08,23:22:12,-08:00,2025-02-08T23:22:12-08:00,0,49
projects/projects.js,24,js,4570c8d8,Yaoxi Li,2025-02-08,23:22:12,-08:00,2025-02-08T23:22:12-08:00,0,0
projects/projects.js,25,js,bc7c8525,Yaoxi Li,2025-02-08,23:37:45,-08:00,2025-02-08T23:37:45-08:00,0,47
projects/projects.js,26,js,4570c8d8,Yaoxi Li,2025-02-08,23:22:12,-08:00,2025-02-08T23:22:12-08:00,0,63
projects/projects.js,27,js,4570c8d8,Yaoxi Li,2025-02-08,23:22:12,-08:00,2025-02-08T23:22:12-08:00,0,19
projects/projects.js,28,js,4570c8d8,Yaoxi Li,2025-02-08,23:22:12,-08:00,2025-02-08T23:22:12-08:00,0,57
projects/projects.js,29,js,4570c8d8,Yaoxi Li,2025-02-08,23:22:12,-08:00,2025-02-08T23:22:12-08:00,0,0
projects/projects.js,30,js,387df702,Yaoxi Li,2025-02-08,18:00:00,-08:00,2025-02-08T18:00:00-08:00,0,0
projects/projects.js,31,js,bc7c8525,Yaoxi Li,2025-02-08,23:37:45,-08:00,2025-02-08T23:37:45-08:00,0,50
projects/projects.js,32,js,bc7c8525,Yaoxi Li,2025-02-08,23:37:45,-08:00,2025-02-08T23:37:45-08:00,0,56
projects/projects.js,33,js,bc7c8525,Yaoxi Li,2025-02-08,23:37:45,-08:00,2025-02-08T23:37:45-08:00,0,51
projects/projects.js,34,js,387df702,Yaoxi Li,2025-02-08,18:00:00,-08:00,2025-02-08T18:00:00-08:00,0,0
projects/projects.js,35,js,bc7c8525,Yaoxi Li,2025-02-08,23:37:45,-08:00,2025-02-08T23:37:45-08:00,0,59
projects/projects.js,36,js,bc7c8525,Yaoxi Li,2025-02-08,23:37:45,-08:00,2025-02-08T23:37:45-08:00,0,24
projects/projects.js,37,js,c3e11155,Yaoxi Li,2025-02-08,22:03:38,-08:00,2025-02-08T22:03:38-08:00,0,2
projects/projects.js,38,js,c3e11155,Yaoxi Li,2025-02-08,22:03:38,-08:00,2025-02-08T22:03:38-08:00,0,0
projects/projects.js,39,js,bc7c8525,Yaoxi Li,2025-02-08,23:37:45,-08:00,2025-02-08T23:37:45-08:00,0,2
projects/projects.js,40,js,bc7c8525,Yaoxi Li,2025-02-08,23:37:45,-08:00,2025-02-08T23:37:45-08:00,0,71
projects/projects.js,41,js,bc7c8525,Yaoxi Li,2025-02-08,23:37:45,-08:00,2025-02-08T23:37:45-08:00,0,1
projects/projects.js,42,js,bc7c8525,Yaoxi Li,2025-02-08,23:37:45,-08:00,2025-02-08T23:37:45-08:00,0,31
projects/projects.js,43,js,bc7c8525,Yaoxi Li,2025-02-08,23:37:45,-08:00,2025-02-08T23:37:45-08:00,0,45
projects/projects.js,44,js,bc7c8525,Yaoxi Li,2025-02-08,23:37:45,-08:00,2025-02-08T23:37:45-08:00,0,41
projects/projects.js,45,js,d16e5f9a,Yaoxi Li,2025-02-08,23:43:26,-08:00,2025-02-08T23:43:26-08:00,0,53
projects/projects.js,46,js,d16e5f9a,Yaoxi Li,2025-02-08,23:43:26,-08:00,2025-02-08T23:43:26-08:00,0,56
projects/projects.js,47,js,bc7c8525,Yaoxi Li,2025-02-08,23:37:45,-08:00,2025-02-08T23:37:45-08:00,0,1
projects/projects.js,48,js,fa4b8805,Yaoxi Li,2025-02-08,23:25:42,-08:00,2025-02-08T23:25:42-08:00,0,0
projects/projects.js,49,js,bc7c8525,Yaoxi Li,2025-02-08,23:37:45,-08:00,2025-02-08T23:37:45-08:00,0,61
projects/projects.js,50,js,bc7c8525,Yaoxi Li,2025-02-08,23:37:45,-08:00,2025-02-08T23:37:45-08:00,0,26
projects/projects.js,51,js,bc7c8525,Yaoxi Li,2025-02-08,23:37:45,-08:00,2025-02-08T23:37:45-08:00,0,56
projects/projects.js,52,js,bc7c8525,Yaoxi Li,2025-02-08,23:37:45,-08:00,2025-02-08T23:37:45-08:00,0,20
projects/projects.js,53,js,bc7c8525,Yaoxi Li,2025-02-08,23:37:45,-08:00,2025-02-08T23:37:45-08:00,0,7
projects/projects.js,54,js,bc7c8525,Yaoxi Li,2025-02-08,23:37:45,-08:00,2025-02-08T23:37:45-08:00,0,46
projects/projects.js,55,js,bc7c8525,Yaoxi Li,2025-02-08,23:37:45,-08:00,2025-02-08T23:37:45-08:00,0,51
projects/projects.js,56,js,bc7c8525,Yaoxi Li,2025-02-08,23:37:45,-08:00,2025-02-08T23:37:45-08:00,0,56
projects/projects.js,57,js,bc7c8525,Yaoxi Li,2025-02-08,23:37:45,-08:00,2025-02-08T23:37:45-08:00,0,0
projects/projects.js,58,js,bc7c8525,Yaoxi Li,2025-02-08,23:37:45,-08:00,2025-02-08T23:37:45-08:00,0,0
projects/projects.js,59,js,c3e11155,Yaoxi Li,2025-02-08,22:03:38,-08:00,2025-02-08T22:03:38-08:00,0,0
projects/projects.js,60,js,bc7c8525,Yaoxi Li,2025-02-08,23:37:45,-08:00,2025-02-08T23:37:45-08:00,0,2
projects/projects.js,61,js,bc7c8525,Yaoxi Li,2025-02-08,23:37:45,-08:00,2025-02-08T23:37:45-08:00,0,74
projects/projects.js,62,js,bc7c8525,Yaoxi Li,2025-02-08,23:37:45,-08:00,2025-02-08T23:37:45-08:00,0,1
projects/projects.js,63,js,bc7c8525,Yaoxi Li,2025-02-08,23:37:45,-08:00,2025-02-08T23:37:45-08:00,0,29
projects/projects.js,64,js,bc7c8525,Yaoxi Li,2025-02-08,23:37:45,-08:00,2025-02-08T23:37:45-08:00,0,55
projects/projects.js,65,js,bc7c8525,Yaoxi Li,2025-02-08,23:37:45,-08:00,2025-02-08T23:37:45-08:00,0,36
projects/projects.js,66,js,bc7c8525,Yaoxi Li,2025-02-08,23:37:45,-08:00,2025-02-08T23:37:45-08:00,0,0
projects/projects.js,67,js,bc7c8525,Yaoxi Li,2025-02-08,23:37:45,-08:00,2025-02-08T23:37:45-08:00,0,24
projects/projects.js,68,js,bc7c8525,Yaoxi Li,2025-02-08,23:37:45,-08:00,2025-02-08T23:37:45-08:00,0,49
projects/projects.js,69,js,bc7c8525,Yaoxi Li,2025-02-08,23:37:45,-08:00,2025-02-08T23:37:45-08:00,0,47
projects/projects.js,70,js,bc7c8525,Yaoxi Li,2025-02-08,23:37:45,-08:00,2025-02-08T23:37:45-08:00,0,24
projects/projects.js,71,js,bc7c8525,Yaoxi Li,2025-02-08,23:37:45,-08:00,2025-02-08T23:37:45-08:00,0,0
projects/projects.js,72,js,c3e11155,Yaoxi Li,2025-02-08,22:03:38,-08:00,2025-02-08T22:03:38-08:00,0,0
projects/projects.js,73,js,bc7c8525,Yaoxi Li,2025-02-08,23:37:45,-08:00,2025-02-08T23:37:45-08:00,0,2
projects/projects.js,74,js,bc7c8525,Yaoxi Li,2025-02-08,23:37:45,-08:00,2025-02-08T23:37:45-08:00,0,82
projects/projects.js,75,js,bc7c8525,Yaoxi Li,2025-02-08,23:37:45,-08:00,2025-02-08T23:37:45-08:00,0,62
projects/projects.js,76,js,bc7c8525,Yaoxi Li,2025-02-08,23:37:45,-08:00,2025-02-08T23:37:45-08:00,0,1
projects/projects.js,77,js,bc7c8525,Yaoxi Li,2025-02-08,23:37:45,-08:00,2025-02-08T23:37:45-08:00,0,23
projects/projects.js,78,js,c3e11155,Yaoxi Li,2025-02-08,22:03:38,-08:00,2025-02-08T22:03:38-08:00,0,0
projects/projects.js,79,js,bc7c8525,Yaoxi Li,2025-02-08,23:37:45,-08:00,2025-02-08T23:37:45-08:00,0,2
projects/projects.js,80,js,bc7c8525,Yaoxi Li,2025-02-08,23:37:45,-08:00,2025-02-08T23:37:45-08:00,0,65
projects/projects.js,81,js,bc7c8525,Yaoxi Li,2025-02-08,23:37:45,-08:00,2025-02-08T23:37:45-08:00,0,1
projects/projects.js,82,js,c3e11155,Yaoxi Li,2025-02-08,22:03:38,-08:00,2025-02-08T22:03:38-08:00,0,39
projects/projects.js,83,js,bc7c8525,Yaoxi Li,2025-02-08,23:37:45,-08:00,2025-02-08T23:37:45-08:00,0,49
projects/projects.js,84,js,4570c8d8,Yaoxi Li,2025-02-08,23:22:12,-08:00,2025-02-08T23:22:12-08:00,0,27
projects/projects.js,85,js,4570c8d8,Yaoxi Li,2025-02-08,23:22:12,-08:00,2025-02-08T23:22:12-08:00,0,13
projects/projects.js,86,js,bc7c8525,Yaoxi Li,2025-02-08,23:37:45,-08:00,2025-02-08T23:37:45-08:00,0,23
projects/projects.js,87,js,4570c8d8,Yaoxi Li,2025-02-08,23:22:12,-08:00,2025-02-08T23:22:12-08:00,0,12
projects/projects.js,88,js,4570c8d8,Yaoxi Li,2025-02-08,23:22:12,-08:00,2025-02-08T23:22:12-08:00,0,1
projects/projects.js,89,js,bc7c8525,Yaoxi Li,2025-02-08,23:37:45,-08:00,2025-02-08T23:37:45-08:00,0,0
projects/projects.js,90,js,bc7c8525,Yaoxi Li,2025-02-08,23:37:45,-08:00,2025-02-08T23:37:45-08:00,0,42
projects/projects.js,91,js,bc7c8525,Yaoxi Li,2025-02-08,23:37:45,-08:00,2025-02-08T23:37:45-08:00,0,52
projects/projects.js,92,js,4570c8d8,Yaoxi Li,2025-02-08,23:22:12,-08:00,2025-02-08T23:22:12-08:00,0,12
projects/projects.js,93,js,4570c8d8,Yaoxi Li,2025-02-08,23:22:12,-08:00,2025-02-08T23:22:12-08:00,0,11
projects/projects.js,94,js,4570c8d8,Yaoxi Li,2025-02-08,23:22:12,-08:00,2025-02-08T23:22:12-08:00,0,3
projects/projects.js,95,js,4570c8d8,Yaoxi Li,2025-02-08,23:22:12,-08:00,2025-02-08T23:22:12-08:00,0,0
projects/projects.js,96,js,bc7c8525,Yaoxi Li,2025-02-08,23:37:45,-08:00,2025-02-08T23:37:45-08:00,0,35
projects/projects.js,97,js,4570c8d8,Yaoxi Li,2025-02-08,23:22:12,-08:00,2025-02-08T23:22:12-08:00,0,26
projects/projects.js,98,js,bc7c8525,Yaoxi Li,2025-02-08,23:37:45,-08:00,2025-02-08T23:37:45-08:00,0,50
projects/projects.js,99,js,4570c8d8,Yaoxi Li,2025-02-08,23:22:12,-08:00,2025-02-08T23:22:12-08:00,0,0
projects/projects.js,100,js,4570c8d8,Yaoxi Li,2025-02-08,23:22:12,-08:00,2025-02-08T23:22:12-08:00,0,33
projects/projects.js,101,js,bc7c8525,Yaoxi Li,2025-02-08,23:37:45,-08:00,2025-02-08T23:37:45-08:00,0,57
projects/projects.js,102,js,4570c8d8,Yaoxi Li,2025-02-08,23:22:12,-08:00,2025-02-08T23:22:12-08:00,0,0
projects/projects.js,103,js,bc7c8525,Yaoxi Li,2025-02-08,23:37:45,-08:00,2025-02-08T23:37:45-08:00,0,23
projects/projects.js,104,js,4570c8d8,Yaoxi Li,2025-02-08,23:22:12,-08:00,2025-02-08T23:22:12-08:00,0,51
projects/projects.js,105,js,bc7c8525,Yaoxi Li,2025-02-08,23:37:45,-08:00,2025-02-08T23:37:45-08:00,0,44
projects/projects.js,106,js,bc7c8525,Yaoxi Li,2025-02-08,23:37:45,-08:00,2025-02-08T23:37:45-08:00,0,0
projects/projects.js,107,js,4570c8d8,Yaoxi Li,2025-02-08,23:22:12,-08:00,2025-02-08T23:22:12-08:00,0,58
projects/projects.js,108,js,4570c8d8,Yaoxi Li,2025-02-08,23:22:12,-08:00,2025-02-08T23:22:12-08:00,0,46
projects/projects.js,109,js,4570c8d8,Yaoxi Li,2025-02-08,23:22:12,-08:00,2025-02-08T23:22:12-08:00,0,0
projects/projects.js,110,js,bc7c8525,Yaoxi Li,2025-02-08,23:37:45,-08:00,2025-02-08T23:37:45-08:00,0,16
projects/projects.js,111,js,bc7c8525,Yaoxi Li,2025-02-08,23:37:45,-08:00,2025-02-08T23:37:45-08:00,0,52
projects/projects.js,112,js,4570c8d8,Yaoxi Li,2025-02-08,23:22:12,-08:00,2025-02-08T23:22:12-08:00,0,0
projects/projects.js,113,js,bc7c8525,Yaoxi Li,2025-02-08,23:37:45,-08:00,2025-02-08T23:37:45-08:00,0,71
projects/projects.js,114,js,bc7c8525,Yaoxi Li,2025-02-08,23:37:45,-08:00,2025-02-08T23:37:45-08:00,0,23
projects/projects.js,115,js,bc7c8525,Yaoxi Li,2025-02-08,23:37:45,-08:00,2025-02-08T23:37:45-08:00,0,0
projects/projects.js,116,js,bc7c8525,Yaoxi Li,2025-02-08,23:37:45,-08:00,2025-02-08T23:37:45-08:00,0,14
projects/projects.js,117,js,bc7c8525,Yaoxi Li,2025-02-08,23:37:45,-08:00,2025-02-08T23:37:45-08:00,0,29
projects/projects.js,118,js,bc7c8525,Yaoxi Li,2025-02-08,23:37:45,-08:00,2025-02-08T23:37:45-08:00,0,19
projects/projects.js,119,js,bc7c8525,Yaoxi Li,2025-02-08,23:37:45,-08:00,2025-02-08T23:37:45-08:00,0,15
projects/projects.js,120,js,bc7c8525,Yaoxi Li,2025-02-08,23:37:45,-08:00,2025-02-08T23:37:45-08:00,0,18
projects/projects.js,121,js,bc7c8525,Yaoxi Li,2025-02-08,23:37:45,-08:00,2025-02-08T23:37:45-08:00,0,27
projects/projects.js,122,js,bc7c8525,Yaoxi Li,2025-02-08,23:37:45,-08:00,2025-02-08T23:37:45-08:00,0,61
projects/projects.js,123,js,bc7c8525,Yaoxi Li,2025-02-08,23:37:45,-08:00,2025-02-08T23:37:45-08:00,0,54
projects/projects.js,124,js,bc7c8525,Yaoxi Li,2025-02-08,23:37:45,-08:00,2025-02-08T23:37:45-08:00,0,19
projects/projects.js,125,js,bc7c8525,Yaoxi Li,2025-02-08,23:37:45,-08:00,2025-02-08T23:37:45-08:00,0,18
projects/projects.js,126,js,bc7c8525,Yaoxi Li,2025-02-08,23:37:45,-08:00,2025-02-08T23:37:45-08:00,0,46
projects/projects.js,127,js,bc7c8525,Yaoxi Li,2025-02-08,23:37:45,-08:00,2025-02-08T23:37:45-08:00,0,0
projects/projects.js,128,js,bc7c8525,Yaoxi Li,2025-02-08,23:37:45,-08:00,2025-02-08T23:37:45-08:00,0,61
projects/projects.js,129,js,bc7c8525,Yaoxi Li,2025-02-08,23:37:45,-08:00,2025-02-08T23:37:45-08:00,0,44
projects/projects.js,130,js,bc7c8525,Yaoxi Li,2025-02-08,23:37:45,-08:00,2025-02-08T23:37:45-08:00,0,57
projects/projects.js,131,js,bc7c8525,Yaoxi Li,2025-02-08,23:37:45,-08:00,2025-02-08T23:37:45-08:00,0,32
projects/projects.js,132,js,bc7c8525,Yaoxi Li,2025-02-08,23:37:45,-08:00,2025-02-08T23:37:45-08:00,0,2
projects/projects.js,133,js,4570c8d8,Yaoxi Li,2025-02-08,23:22:12,-08:00,2025-02-08T23:22:12-08:00,0,2
projects/projects.js,134,js,4570c8d8,Yaoxi Li,2025-02-08,23:22:12,-08:00,2025-02-08T23:22:12-08:00,0,0
projects/projects.js,135,js,bc7c8525,Yaoxi Li,2025-02-08,23:37:45,-08:00,2025-02-08T23:37:45-08:00,0,24
projects/projects.js,136,js,bc7c8525,Yaoxi Li,2025-02-08,23:37:45,-08:00,2025-02-08T23:37:45-08:00,0,33
projects/projects.js,137,js,4570c8d8,Yaoxi Li,2025-02-08,23:22:12,-08:00,2025-02-08T23:22:12-08:00,0,5
projects/projects.js,138,js,4570c8d8,Yaoxi Li,2025-02-08,23:22:12,-08:00,2025-02-08T23:22:12-08:00,0,12
projects/projects.js,139,js,bc7c8525,Yaoxi Li,2025-02-08,23:37:45,-08:00,2025-02-08T23:37:45-08:00,0,41
projects/projects.js,140,js,bc7c8525,Yaoxi Li,2025-02-08,23:37:45,-08:00,2025-02-08T23:37:45-08:00,0,46
projects/projects.js,141,js,bc7c8525,Yaoxi Li,2025-02-08,23:37:45,-08:00,2025-02-08T23:37:45-08:00,0,54
projects/projects.js,142,js,4570c8d8,Yaoxi Li,2025-02-08,23:22:12,-08:00,2025-02-08T23:22:12-08:00,0,6
projects/projects.js,143,js,4570c8d8,Yaoxi Li,2025-02-08,23:22:12,-08:00,2025-02-08T23:22:12-08:00,0,27
projects/projects.js,144,js,4570c8d8,Yaoxi Li,2025-02-08,23:22:12,-08:00,2025-02-08T23:22:12-08:00,0,31
projects/projects.js,145,js,bc7c8525,Yaoxi Li,2025-02-08,23:37:45,-08:00,2025-02-08T23:37:45-08:00,0,1
projects/projects.js,146,js,bc7c8525,Yaoxi Li,2025-02-08,23:37:45,-08:00,2025-02-08T23:37:45-08:00,0,19
projects/projects.js,147,js,bc7c8525,Yaoxi Li,2025-02-08,23:37:45,-08:00,2025-02-08T23:37:45-08:00,0,21
projects/projects.js,148,js,bc7c8525,Yaoxi Li,2025-02-08,23:37:45,-08:00,2025-02-08T23:37:45-08:00,0,46
projects/projects.js,149,js,bc7c8525,Yaoxi Li,2025-02-08,23:37:45,-08:00,2025-02-08T23:37:45-08:00,0,0
projects/projects.js,150,js,bc7c8525,Yaoxi Li,2025-02-08,23:37:45,-08:00,2025-02-08T23:37:45-08:00,0,44
projects/projects.js,151,js,bc7c8525,Yaoxi Li,2025-02-08,23:37:45,-08:00,2025-02-08T23:37:45-08:00,0,57
projects/projects.js,152,js,bc7c8525,Yaoxi Li,2025-02-08,23:37:45,-08:00,2025-02-08T23:37:45-08:00,0,32
projects/projects.js,153,js,bc7c8525,Yaoxi Li,2025-02-08,23:37:45,-08:00,2025-02-08T23:37:45-08:00,0,2
projects/projects.js,154,js,4570c8d8,Yaoxi Li,2025-02-08,23:22:12,-08:00,2025-02-08T23:22:12-08:00,0,2
projects/projects.js,155,js,bc7c8525,Yaoxi Li,2025-02-08,23:37:45,-08:00,2025-02-08T23:37:45-08:00,0,0
projects/index.html,1,html,aea9c9e3,Yaoxi Li,2025-01-10,23:15:15,-08:00,2025-01-10T23:15:15-08:00,0,14
projects/index.html,2,html,aea9c9e3,Yaoxi Li,2025-01-10,23:15:15,-08:00,2025-01-10T23:15:15-08:00,0,15
projects/index.html,3,html,aea9c9e3,Yaoxi Li,2025-01-10,23:15:15,-08:00,2025-01-10T23:15:15-08:00,0,5
projects/index.html,4,html,aea9c9e3,Yaoxi Li,2025-01-10,23:15:15,-08:00,2025-01-10T23:15:15-08:00,0,21
projects/index.html,5,html,aea9c9e3,Yaoxi Li,2025-01-10,23:15:15,-08:00,2025-01-10T23:15:15-08:00,0,69
projects/index.html,6,html,efd1d1e4,Yaoxi Li,2025-01-10,23:24:09,-08:00,2025-01-10T23:24:09-08:00,0,32
projects/index.html,7,html,83131a9c,Yaoxi Li,2025-01-10,23:39:19,-08:00,2025-01-10T23:39:19-08:00,0,42
projects/index.html,8,html,aea9c9e3,Yaoxi Li,2025-01-10,23:15:15,-08:00,2025-01-10T23:15:15-08:00,0,6
projects/index.html,9,html,aea9c9e3,Yaoxi Li,2025-01-10,23:15:15,-08:00,2025-01-10T23:15:15-08:00,0,5
projects/index.html,10,html,814a9c4b,Yaoxi Li,2025-01-31,21:19:18,-08:00,2025-01-31T21:19:18-08:00,0,39
projects/index.html,11,html,fe6133ae,Yaoxi Li,2025-02-08,21:08:12,-08:00,2025-02-08T21:08:12-08:00,0,22
projects/index.html,12,html,fe6133ae,Yaoxi Li,2025-02-08,21:08:12,-08:00,2025-02-08T21:08:12-08:00,0,36
projects/index.html,13,html,fe6133ae,Yaoxi Li,2025-02-08,21:08:12,-08:00,2025-02-08T21:08:12-08:00,0,23
projects/index.html,14,html,fe6133ae,Yaoxi Li,2025-02-08,21:08:12,-08:00,2025-02-08T21:08:12-08:00,0,5
projects/index.html,15,html,c3e11155,Yaoxi Li,2025-02-08,22:03:38,-08:00,2025-02-08T22:03:38-08:00,0,5
projects/index.html,16,html,c3e11155,Yaoxi Li,2025-02-08,22:03:38,-08:00,2025-02-08T22:03:38-08:00,0,16
projects/index.html,17,html,c3e11155,Yaoxi Li,2025-02-08,22:03:38,-08:00,2025-02-08T22:03:38-08:00,0,12
projects/index.html,18,html,c3e11155,Yaoxi Li,2025-02-08,22:03:38,-08:00,2025-02-08T22:03:38-08:00,0,27
projects/index.html,19,html,c3e11155,Yaoxi Li,2025-02-08,22:03:38,-08:00,2025-02-08T22:03:38-08:00,0,32
projects/index.html,20,html,c3e11155,Yaoxi Li,2025-02-08,22:03:38,-08:00,2025-02-08T22:03:38-08:00,0,1
projects/index.html,21,html,814a9c4b,Yaoxi Li,2025-01-31,21:19:18,-08:00,2025-01-31T21:19:18-08:00,0,27
projects/index.html,22,html,814a9c4b,Yaoxi Li,2025-01-31,21:19:18,-08:00,2025-01-31T21:19:18-08:00,0,49
projects/index.html,23,html,28d40500,Yaoxi Li,2025-01-31,21:25:47,-08:00,2025-01-31T21:25:47-08:00,0,48
projects/index.html,24,html,efd1d1e4,Yaoxi Li,2025-01-10,23:24:09,-08:00,2025-01-10T23:24:09-08:00,0,6
projects/index.html,25,html,efd1d1e4,Yaoxi Li,2025-01-10,23:24:09,-08:00,2025-01-10T23:24:09-08:00,0,6
meta/main.js,1,js,0ae993b9,Yaoxi Li,2025-02-15,02:13:56,-08:00,2025-02-15T02:13:56-08:00,0,13
meta/main.js,2,js,3fded829,Yaoxi Li,2025-02-15,16:18:00,-08:00,2025-02-15T16:18:00-08:00,0,16
meta/main.js,3,js,0ae993b9,Yaoxi Li,2025-02-15,02:13:56,-08:00,2025-02-15T02:13:56-08:00,0,0
meta/main.js,4,js,0ae993b9,Yaoxi Li,2025-02-15,02:13:56,-08:00,2025-02-15T02:13:56-08:00,0,26
meta/main.js,5,js,0ae993b9,Yaoxi Li,2025-02-15,02:13:56,-08:00,2025-02-15T02:13:56-08:00,0,41
meta/main.js,6,js,0ae993b9,Yaoxi Li,2025-02-15,02:13:56,-08:00,2025-02-15T02:13:56-08:00,0,6
meta/main.js,7,js,0ae993b9,Yaoxi Li,2025-02-15,02:13:56,-08:00,2025-02-15T02:13:56-08:00,0,22
meta/main.js,8,js,0ae993b9,Yaoxi Li,2025-02-15,02:13:56,-08:00,2025-02-15T02:13:56-08:00,0,24
meta/main.js,9,js,0ae993b9,Yaoxi Li,2025-02-15,02:13:56,-08:00,2025-02-15T02:13:56-08:00,0,26
meta/main.js,10,js,0ae993b9,Yaoxi Li,2025-02-15,02:13:56,-08:00,2025-02-15T02:13:56-08:00,0,50
meta/main.js,11,js,0ae993b9,Yaoxi Li,2025-02-15,02:13:56,-08:00,2025-02-15T02:13:56-08:00,0,32
meta/main.js,12,js,0ae993b9,Yaoxi Li,2025-02-15,02:13:56,-08:00,2025-02-15T02:13:56-08:00,0,3
meta/main.js,13,js,9dbd96ee,Yaoxi Li,2025-02-15,16:24:42,-08:00,2025-02-15T16:24:42-08:00,0,0
meta/main.js,14,js,9dbd96ee,Yaoxi Li,2025-02-15,16:24:42,-08:00,2025-02-15T16:24:42-08:00,0,16
meta/main.js,15,js,9dbd96ee,Yaoxi Li,2025-02-15,16:24:42,-08:00,2025-02-15T16:24:42-08:00,0,20
meta/main.js,16,js,0ae993b9,Yaoxi Li,2025-02-15,02:13:56,-08:00,2025-02-15T02:13:56-08:00,0,0
meta/main.js,17,js,0ae993b9,Yaoxi Li,2025-02-15,02:13:56,-08:00,2025-02-15T02:13:56-08:00,0,0
meta/main.js,18,js,3fded829,Yaoxi Li,2025-02-15,16:18:00,-08:00,2025-02-15T16:18:00-08:00,0,26
meta/main.js,19,js,3fded829,Yaoxi Li,2025-02-15,16:18:00,-08:00,2025-02-15T16:18:00-08:00,0,41
meta/main.js,20,js,3fded829,Yaoxi Li,2025-02-15,16:18:00,-08:00,2025-02-15T16:18:00-08:00,0,26
meta/main.js,21,js,3fded829,Yaoxi Li,2025-02-15,16:18:00,-08:00,2025-02-15T16:18:00-08:00,0,49
meta/main.js,22,js,3fded829,Yaoxi Li,2025-02-15,16:18:00,-08:00,2025-02-15T16:18:00-08:00,0,20
meta/main.js,23,js,3fded829,Yaoxi Li,2025-02-15,16:18:00,-08:00,2025-02-15T16:18:00-08:00,0,54
meta/main.js,24,js,3fded829,Yaoxi Li,2025-02-15,16:18:00,-08:00,2025-02-15T16:18:00-08:00,0,0
meta/main.js,25,js,3fded829,Yaoxi Li,2025-02-15,16:18:00,-08:00,2025-02-15T16:18:00-08:00,0,31
meta/main.js,26,js,3fded829,Yaoxi Li,2025-02-15,16:18:00,-08:00,2025-02-15T16:18:00-08:00,0,10
meta/main.js,27,js,3fded829,Yaoxi Li,2025-02-15,16:18:00,-08:00,2025-02-15T16:18:00-08:00,0,10
meta/main.js,28,js,9dbd96ee,Yaoxi Li,2025-02-15,16:24:42,-08:00,2025-02-15T16:24:42-08:00,0,97
meta/main.js,29,js,3fded829,Yaoxi Li,2025-02-15,16:18:00,-08:00,2025-02-15T16:18:00-08:00,0,6
meta/main.js,30,js,3fded829,Yaoxi Li,2025-02-15,16:18:00,-08:00,2025-02-15T16:18:00-08:00,0,4
meta/main.js,31,js,3fded829,Yaoxi Li,2025-02-15,16:18:00,-08:00,2025-02-15T16:18:00-08:00,0,4
meta/main.js,32,js,3fded829,Yaoxi Li,2025-02-15,16:18:00,-08:00,2025-02-15T16:18:00-08:00,0,8
meta/main.js,33,js,3fded829,Yaoxi Li,2025-02-15,16:18:00,-08:00,2025-02-15T16:18:00-08:00,0,8
meta/main.js,34,js,3fded829,Yaoxi Li,2025-02-15,16:18:00,-08:00,2025-02-15T16:18:00-08:00,0,58
meta/main.js,35,js,3fded829,Yaoxi Li,2025-02-15,16:18:00,-08:00,2025-02-15T16:18:00-08:00,0,24
meta/main.js,36,js,3fded829,Yaoxi Li,2025-02-15,16:18:00,-08:00,2025-02-15T16:18:00-08:00,0,1
meta/main.js,37,js,3fded829,Yaoxi Li,2025-02-15,16:18:00,-08:00,2025-02-15T16:18:00-08:00,0,0
meta/main.js,38,js,3fded829,Yaoxi Li,2025-02-15,16:18:00,-08:00,2025-02-15T16:18:00-08:00,0,78
meta/main.js,39,js,3fded829,Yaoxi Li,2025-02-15,16:18:00,-08:00,2025-02-15T16:18:00-08:00,0,36
meta/main.js,40,js,3fded829,Yaoxi Li,2025-02-15,16:18:00,-08:00,2025-02-15T16:18:00-08:00,0,12
meta/main.js,41,js,3fded829,Yaoxi Li,2025-02-15,16:18:00,-08:00,2025-02-15T16:18:00-08:00,0,45
meta/main.js,42,js,3fded829,Yaoxi Li,2025-02-15,16:18:00,-08:00,2025-02-15T16:18:00-08:00,0,65
meta/main.js,43,js,9dbd96ee,Yaoxi Li,2025-02-15,16:24:42,-08:00,2025-02-15T16:24:42-08:00,0,55
meta/main.js,44,js,3fded829,Yaoxi Li,2025-02-15,16:18:00,-08:00,2025-02-15T16:18:00-08:00,0,2
meta/main.js,45,js,3fded829,Yaoxi Li,2025-02-15,16:18:00,-08:00,2025-02-15T16:18:00-08:00,0,0
meta/main.js,46,js,3fded829,Yaoxi Li,2025-02-15,16:18:00,-08:00,2025-02-15T16:18:00-08:00,0,10
meta/main.js,47,js,3fded829,Yaoxi Li,2025-02-15,16:18:00,-08:00,2025-02-15T16:18:00-08:00,0,2
meta/main.js,48,js,3fded829,Yaoxi Li,2025-02-15,16:18:00,-08:00,2025-02-15T16:18:00-08:00,0,0
meta/main.js,49,js,3fded829,Yaoxi Li,2025-02-15,16:18:00,-08:00,2025-02-15T16:18:00-08:00,0,0
meta/main.js,50,js,0ae993b9,Yaoxi Li,2025-02-15,02:13:56,-08:00,2025-02-15T02:13:56-08:00,0,58
meta/main.js,51,js,0ae993b9,Yaoxi Li,2025-02-15,02:13:56,-08:00,2025-02-15T02:13:56-08:00,0,16
meta/main.js,52,js,0ae993b9,Yaoxi Li,2025-02-15,02:13:56,-08:00,2025-02-15T02:13:56-08:00,0,2
meta/index.html,1,html,e2fe7349,Yaoxi Li,2025-02-15,01:21:24,-08:00,2025-02-15T01:21:24-08:00,0,14
meta/index.html,2,html,e2fe7349,Yaoxi Li,2025-02-15,01:21:24,-08:00,2025-02-15T01:21:24-08:00,0,15
meta/index.html,3,html,e2fe7349,Yaoxi Li,2025-02-15,01:21:24,-08:00,2025-02-15T01:21:24-08:00,0,5
meta/index.html,4,html,e2fe7349,Yaoxi Li,2025-02-15,01:21:24,-08:00,2025-02-15T01:21:24-08:00,0,21
meta/index.html,5,html,e2fe7349,Yaoxi Li,2025-02-15,01:21:24,-08:00,2025-02-15T01:21:24-08:00,0,69
meta/index.html,6,html,fd02bfe6,Yaoxi Li,2025-02-15,01:35:20,-08:00,2025-02-15T01:35:20-08:00,0,18
meta/index.html,7,html,83d63e93,Yaoxi Li,2025-02-15,01:38:37,-08:00,2025-02-15T01:38:37-08:00,0,42
meta/index.html,8,html,279ef0e1,Yaoxi Li,2025-02-15,02:11:37,-08:00,2025-02-15T02:11:37-08:00,0,52
meta/index.html,9,html,279ef0e1,Yaoxi Li,2025-02-15,02:11:37,-08:00,2025-02-15T02:11:37-08:00,0,49
meta/index.html,10,html,279ef0e1,Yaoxi Li,2025-02-15,02:11:37,-08:00,2025-02-15T02:11:37-08:00,0,36
meta/index.html,11,html,e2fe7349,Yaoxi Li,2025-02-15,01:21:24,-08:00,2025-02-15T01:21:24-08:00,0,6
meta/index.html,12,html,e2fe7349,Yaoxi Li,2025-02-15,01:21:24,-08:00,2025-02-15T01:21:24-08:00,0,5
meta/index.html,13,html,e2fe7349,Yaoxi Li,2025-02-15,01:21:24,-08:00,2025-02-15T01:21:24-08:00,0,7
meta/index.html,14,html,e2fe7349,Yaoxi Li,2025-02-15,01:21:24,-08:00,2025-02-15T01:21:24-08:00,0,12
meta/index.html,15,html,e2fe7349,Yaoxi Li,2025-02-15,01:21:24,-08:00,2025-02-15T01:21:24-08:00,0,61
meta/index.html,16,html,e2fe7349,Yaoxi Li,2025-02-15,01:21:24,-08:00,2025-02-15T01:21:24-08:00,0,8
meta/index.html,17,html,279ef0e1,Yaoxi Li,2025-02-15,02:11:37,-08:00,2025-02-15T02:11:37-08:00,0,21
meta/index.html,18,html,e2fe7349,Yaoxi Li,2025-02-15,01:21:24,-08:00,2025-02-15T01:21:24-08:00,0,6
meta/index.html,19,html,e2fe7349,Yaoxi Li,2025-02-15,01:21:24,-08:00,2025-02-15T01:21:24-08:00,0,6
cv/index.html,1,html,5fa4054e,Yaoxi Li,2025-01-10,23:52:15,-08:00,2025-01-10T23:52:15-08:00,0,14
cv/index.html,2,html,5fa4054e,Yaoxi Li,2025-01-10,23:52:15,-08:00,2025-01-10T23:52:15-08:00,0,15
cv/index.html,3,html,5fa4054e,Yaoxi Li,2025-01-10,23:52:15,-08:00,2025-01-10T23:52:15-08:00,0,5
cv/index.html,4,html,5fa4054e,Yaoxi Li,2025-01-10,23:52:15,-08:00,2025-01-10T23:52:15-08:00,0,21
cv/index.html,5,html,5fa4054e,Yaoxi Li,2025-01-10,23:52:15,-08:00,2025-01-10T23:52:15-08:00,0,69
cv/index.html,6,html,5fa4054e,Yaoxi Li,2025-01-10,23:52:15,-08:00,2025-01-10T23:52:15-08:00,0,26
cv/index.html,7,html,5fa4054e,Yaoxi Li,2025-01-10,23:52:15,-08:00,2025-01-10T23:52:15-08:00,0,42
cv/index.html,8,html,5fa4054e,Yaoxi Li,2025-01-10,23:52:15,-08:00,2025-01-10T23:52:15-08:00,0,6
cv/index.html,9,html,5fa4054e,Yaoxi Li,2025-01-10,23:52:15,-08:00,2025-01-10T23:52:15-08:00,0,5
cv/index.html,10,html,2c4da04f,Yaoxi Li,2025-01-24,02:13:36,-08:00,2025-01-24T02:13:36-08:00,0,0
cv/index.html,11,html,b3ebacdf,Yaoxi Li,2025-01-11,01:45:21,-08:00,2025-01-11T01:45:21-08:00,0,14
cv/index.html,12,html,e26d8766,Yaoxi Li,2025-01-23,21:40:03,-08:00,2025-01-23T21:40:03-08:00,0,49
cv/index.html,13,html,5fa4054e,Yaoxi Li,2025-01-10,23:52:15,-08:00,2025-01-10T23:52:15-08:00,0,0
cv/index.html,14,html,4a726240,Yaoxi Li,2025-01-17,23:32:02,-08:00,2025-01-17T23:32:02-08:00,0,26
cv/index.html,15,html,5fa4054e,Yaoxi Li,2025-01-10,23:52:15,-08:00,2025-01-10T23:52:15-08:00,0,7
cv/index.html,16,html,4a726240,Yaoxi Li,2025-01-17,23:32:02,-08:00,2025-01-17T23:32:02-08:00,0,20
cv/index.html,17,html,5fa4054e,Yaoxi Li,2025-01-10,23:52:15,-08:00,2025-01-10T23:52:15-08:00,0,8
cv/index.html,18,html,5fa4054e,Yaoxi Li,2025-01-10,23:52:15,-08:00,2025-01-10T23:52:15-08:00,0,159
cv/index.html,19,html,5fa4054e,Yaoxi Li,2025-01-10,23:52:15,-08:00,2025-01-10T23:52:15-08:00,0,9
cv/index.html,20,html,5fa4054e,Yaoxi Li,2025-01-10,23:52:15,-08:00,2025-01-10T23:52:15-08:00,0,0
cv/index.html,21,html,5fa4054e,Yaoxi Li,2025-01-10,23:52:15,-08:00,2025-01-10T23:52:15-08:00,0,23
cv/index.html,22,html,5fa4054e,Yaoxi Li,2025-01-10,23:52:15,-08:00,2025-01-10T23:52:15-08:00,0,7
cv/index.html,23,html,5fa4054e,Yaoxi Li,2025-01-10,23:52:15,-08:00,2025-01-10T23:52:15-08:00,0,17
cv/index.html,24,html,5fa4054e,Yaoxi Li,2025-01-10,23:52:15,-08:00,2025-01-10T23:52:15-08:00,0,8
cv/index.html,25,html,5fa4054e,Yaoxi Li,2025-01-10,23:52:15,-08:00,2025-01-10T23:52:15-08:00,0,8
cv/index.html,26,html,5fa4054e,Yaoxi Li,2025-01-10,23:52:15,-08:00,2025-01-10T23:52:15-08:00,0,43
cv/index.html,27,html,5fa4054e,Yaoxi Li,2025-01-10,23:52:15,-08:00,2025-01-10T23:52:15-08:00,0,41
cv/index.html,28,html,4a726240,Yaoxi Li,2025-01-17,23:32:02,-08:00,2025-01-17T23:32:02-08:00,0,76
cv/index.html,29,html,b3ebacdf,Yaoxi Li,2025-01-11,01:45:21,-08:00,2025-01-11T01:45:21-08:00,0,15
cv/index.html,30,html,5fa4054e,Yaoxi Li,2025-01-10,23:52:15,-08:00,2025-01-10T23:52:15-08:00,0,9
cv/index.html,31,html,5fa4054e,Yaoxi Li,2025-01-10,23:52:15,-08:00,2025-01-10T23:52:15-08:00,0,9
cv/index.html,32,html,5fa4054e,Yaoxi Li,2025-01-10,23:52:15,-08:00,2025-01-10T23:52:15-08:00,0,0
cv/index.html,33,html,5fa4054e,Yaoxi Li,2025-01-10,23:52:15,-08:00,2025-01-10T23:52:15-08:00,0,20
cv/index.html,34,html,5fa4054e,Yaoxi Li,2025-01-10,23:52:15,-08:00,2025-01-10T23:52:15-08:00,0,7
cv/index.html,35,html,5fa4054e,Yaoxi Li,2025-01-10,23:52:15,-08:00,2025-01-10T23:52:15-08:00,0,14
cv/index.html,36,html,5fa4054e,Yaoxi Li,2025-01-10,23:52:15,-08:00,2025-01-10T23:52:15-08:00,0,8
cv/index.html,37,html,5fa4054e,Yaoxi Li,2025-01-10,23:52:15,-08:00,2025-01-10T23:52:15-08:00,0,3
cv/index.html,38,html,5fa4054e,Yaoxi Li,2025-01-10,23:52:15,-08:00,2025-01-10T23:52:15-08:00,0,38
cv/index.html,39,html,5fa4054e,Yaoxi Li,2025-01-10,23:52:15,-08:00,2025-01-10T23:52:15-08:00,0,4
cv/index.html,40,html,5fa4054e,Yaoxi Li,2025-01-10,23:52:15,-08:00,2025-01-10T23:52:15-08:00,0,9
cv/index.html,41,html,5fa4054e,Yaoxi Li,2025-01-10,23:52:15,-08:00,2025-01-10T23:52:15-08:00,0,0
cv/index.html,42,html,5fa4054e,Yaoxi Li,2025-01-10,23:52:15,-08:00,2025-01-10T23:52:15-08:00,0,22
cv/index.html,43,html,5fa4054e,Yaoxi Li,2025-01-10,23:52:15,-08:00,2025-01-10T23:52:15-08:00,0,7
cv/index.html,44,html,5fa4054e,Yaoxi Li,2025-01-10,23:52:15,-08:00,2025-01-10T23:52:15-08:00,0,16
cv/index.html,45,html,5fa4054e,Yaoxi Li,2025-01-10,23:52:15,-08:00,2025-01-10T23:52:15-08:00,0,8
cv/index.html,46,html,5fa4054e,Yaoxi Li,2025-01-10,23:52:15,-08:00,2025-01-10T23:52:15-08:00,0,8
cv/index.html,47,html,f32f6364,Yaoxi Li,2025-01-10,23:55:24,-08:00,2025-01-10T23:55:24-08:00,0,29
cv/index.html,48,html,5fa4054e,Yaoxi Li,2025-01-10,23:52:15,-08:00,2025-01-10T23:52:15-08:00,0,79
cv/index.html,49,html,5fa4054e,Yaoxi Li,2025-01-10,23:52:15,-08:00,2025-01-10T23:52:15-08:00,0,46
cv/index.html,50,html,5fa4054e,Yaoxi Li,2025-01-10,23:52:15,-08:00,2025-01-10T23:52:15-08:00,0,9
cv/index.html,51,html,5fa4054e,Yaoxi Li,2025-01-10,23:52:15,-08:00,2025-01-10T23:52:15-08:00,0,9
cv/index.html,52,html,5fa4054e,Yaoxi Li,2025-01-10,23:52:15,-08:00,2025-01-10T23:52:15-08:00,0,6
cv/index.html,53,html,5fa4054e,Yaoxi Li,2025-01-10,23:52:15,-08:00,2025-01-10T23:52:15-08:00,0,6
contact/index.html,1,html,aea9c9e3,Yaoxi Li,2025-01-10,23:15:15,-08:00,2025-01-10T23:15:15-08:00,0,14
contact/index.html,2,html,aea9c9e3,Yaoxi Li,2025-01-10,23:15:15,-08:00,2025-01-10T23:15:15-08:00,0,15
contact/index.html,3,html,aea9c9e3,Yaoxi Li,2025-01-10,23:15:15,-08:00,2025-01-10T23:15:15-08:00,0,5
contact/index.html,4,html,d0c5983b,Yaoxi Li,2025-01-24,21:38:52,-08:00,2025-01-24T21:38:52-08:00,0,21
contact/index.html,5,html,d0c5983b,Yaoxi Li,2025-01-24,21:38:52,-08:00,2025-01-24T21:38:52-08:00,0,69
contact/index.html,6,html,d0c5983b,Yaoxi Li,2025-01-24,21:38:52,-08:00,2025-01-24T21:38:52-08:00,0,31
contact/index.html,7,html,d0c5983b,Yaoxi Li,2025-01-24,21:38:52,-08:00,2025-01-24T21:38:52-08:00,0,42
contact/index.html,8,html,aea9c9e3,Yaoxi Li,2025-01-10,23:15:15,-08:00,2025-01-10T23:15:15-08:00,0,6
contact/index.html,9,html,aea9c9e3,Yaoxi Li,2025-01-10,23:15:15,-08:00,2025-01-10T23:15:15-08:00,0,5
contact/index.html,10,html,d0c5983b,Yaoxi Li,2025-01-24,21:38:52,-08:00,2025-01-24T21:38:52-08:00,0,0
contact/index.html,11,html,d0c5983b,Yaoxi Li,2025-01-24,21:38:52,-08:00,2025-01-24T21:38:52-08:00,0,15
contact/index.html,12,html,d0c5983b,Yaoxi Li,2025-01-24,21:38:52,-08:00,2025-01-24T21:38:52-08:00,0,0
contact/index.html,13,html,d0c5983b,Yaoxi Li,2025-01-24,21:38:52,-08:00,2025-01-24T21:38:52-08:00,0,49
contact/index.html,14,html,d0c5983b,Yaoxi Li,2025-01-24,21:38:52,-08:00,2025-01-24T21:38:52-08:00,0,0
contact/index.html,15,html,d0c5983b,Yaoxi Li,2025-01-24,21:38:52,-08:00,2025-01-24T21:38:52-08:00,0,58
contact/index.html,16,html,d0c5983b,Yaoxi Li,2025-01-24,21:38:52,-08:00,2025-01-24T21:38:52-08:00,0,37
contact/index.html,17,html,d0c5983b,Yaoxi Li,2025-01-24,21:38:52,-08:00,2025-01-24T21:38:52-08:00,0,36
contact/index.html,18,html,d0c5983b,Yaoxi Li,2025-01-24,21:38:52,-08:00,2025-01-24T21:38:52-08:00,0,55
contact/index.html,19,html,d0c5983b,Yaoxi Li,2025-01-24,21:38:52,-08:00,2025-01-24T21:38:52-08:00,0,3
contact/index.html,20,html,d0c5983b,Yaoxi Li,2025-01-24,21:38:52,-08:00,2025-01-24T21:38:52-08:00,0,0
contact/index.html,21,html,d0c5983b,Yaoxi Li,2025-01-24,21:38:52,-08:00,2025-01-24T21:38:52-08:00,0,33
contact/index.html,22,html,d0c5983b,Yaoxi Li,2025-01-24,21:38:52,-08:00,2025-01-24T21:38:52-08:00,0,60
contact/index.html,23,html,d0c5983b,Yaoxi Li,2025-01-24,21:38:52,-08:00,2025-01-24T21:38:52-08:00,0,3
contact/index.html,24,html,d0c5983b,Yaoxi Li,2025-01-24,21:38:52,-08:00,2025-01-24T21:38:52-08:00,0,0
contact/index.html,25,html,d0c5983b,Yaoxi Li,2025-01-24,21:38:52,-08:00,2025-01-24T21:38:52-08:00,0,40
contact/index.html,26,html,d0c5983b,Yaoxi Li,2025-01-24,21:38:52,-08:00,2025-01-24T21:38:52-08:00,0,6
contact/index.html,27,html,d0c5983b,Yaoxi Li,2025-01-24,21:38:52,-08:00,2025-01-24T21:38:52-08:00,0,0
contact/index.html,28,html,d0c5983b,Yaoxi Li,2025-01-24,21:38:52,-08:00,2025-01-24T21:38:52-08:00,0,7
contact/index.html,29,html,d0c5983b,Yaoxi Li,2025-01-24,21:38:52,-08:00,2025-01-24T21:38:52-08:00,0,78
contact/index.html,30,html,d0c5983b,Yaoxi Li,2025-01-24,21:38:52,-08:00,2025-01-24T21:38:52-08:00,0,65
contact/index.html,31,html,d0c5983b,Yaoxi Li,2025-01-24,21:38:52,-08:00,2025-01-24T21:38:52-08:00,0,0
contact/index.html,32,html,d0c5983b,Yaoxi Li,2025-01-24,21:38:52,-08:00,2025-01-24T21:38:52-08:00,0,42
contact/index.html,33,html,d0c5983b,Yaoxi Li,2025-01-24,21:38:52,-08:00,2025-01-24T21:38:52-08:00,0,61
contact/index.html,34,html,d0c5983b,Yaoxi Li,2025-01-24,21:38:52,-08:00,2025-01-24T21:38:52-08:00,0,0
contact/index.html,35,html,d0c5983b,Yaoxi Li,2025-01-24,21:38:52,-08:00,2025-01-24T21:38:52-08:00,0,10
contact/index.html,36,html,d0c5983b,Yaoxi Li,2025-01-24,21:38:52,-08:00,2025-01-24T21:38:52-08:00,0,49
contact/index.html,37,html,d0c5983b,Yaoxi Li,2025-01-24,21:38:52,-08:00,2025-01-24T21:38:52-08:00,0,58
contact/index.html,38,html,d0c5983b,Yaoxi Li,2025-01-24,21:38:52,-08:00,2025-01-24T21:38:52-08:00,0,0
contact/index.html,39,html,d0c5983b,Yaoxi Li,2025-01-24,21:38:52,-08:00,2025-01-24T21:38:52-08:00,0,22
contact/index.html,40,html,d0c5983b,Yaoxi Li,2025-01-24,21:38:52,-08:00,2025-01-24T21:38:52-08:00,0,31
contact/index.html,41,html,d0c5983b,Yaoxi Li,2025-01-24,21:38:52,-08:00,2025-01-24T21:38:52-08:00,0,0
contact/index.html,42,html,d0c5983b,Yaoxi Li,2025-01-24,21:38:52,-08:00,2025-01-24T21:38:52-08:00,0,58
contact/index.html,43,html,d0c5983b,Yaoxi Li,2025-01-24,21:38:52,-08:00,2025-01-24T21:38:52-08:00,0,15
contact/index.html,44,html,d0c5983b,Yaoxi Li,2025-01-24,21:38:52,-08:00,2025-01-24T21:38:52-08:00,0,32
contact/index.html,45,html,d0c5983b,Yaoxi Li,2025-01-24,21:38:52,-08:00,2025-01-24T21:38:52-08:00,0,44
contact/index.html,46,html,d0c5983b,Yaoxi Li,2025-01-24,21:38:52,-08:00,2025-01-24T21:38:52-08:00,0,46
contact/index.html,47,html,d0c5983b,Yaoxi Li,2025-01-24,21:38:52,-08:00,2025-01-24T21:38:52-08:00,0,45
contact/index.html,48,html,d0c5983b,Yaoxi Li,2025-01-24,21:38:52,-08:00,2025-01-24T21:38:52-08:00,0,0
contact/index.html,49,html,d0c5983b,Yaoxi Li,2025-01-24,21:38:52,-08:00,2025-01-24T21:38:52-08:00,0,0
contact/index.html,50,html,d0c5983b,Yaoxi Li,2025-01-24,21:38:52,-08:00,2025-01-24T21:38:52-08:00,0,30
contact/index.html,51,html,d0c5983b,Yaoxi Li,2025-01-24,21:38:52,-08:00,2025-01-24T21:38:52-08:00,0,36
contact/index.html,52,html,d0c5983b,Yaoxi Li,2025-01-24,21:38:52,-08:00,2025-01-24T21:38:52-08:00,0,29
contact/index.html,53,html,d0c5983b,Yaoxi Li,2025-01-24,21:38:52,-08:00,2025-01-24T21:38:52-08:00,0,49
contact/index.html,54,html,d0c5983b,Yaoxi Li,2025-01-24,21:38:52,-08:00,2025-01-24T21:38:52-08:00,0,0
contact/index.html,55,html,d0c5983b,Yaoxi Li,2025-01-24,21:38:52,-08:00,2025-01-24T21:38:52-08:00,0,51
contact/index.html,56,html,d0c5983b,Yaoxi Li,2025-01-24,21:38:52,-08:00,2025-01-24T21:38:52-08:00,0,25
contact/index.html,57,html,d0c5983b,Yaoxi Li,2025-01-24,21:38:52,-08:00,2025-01-24T21:38:52-08:00,0,2
contact/index.html,58,html,d0c5983b,Yaoxi Li,2025-01-24,21:38:52,-08:00,2025-01-24T21:38:52-08:00,0,0
contact/index.html,59,html,d0c5983b,Yaoxi Li,2025-01-24,21:38:52,-08:00,2025-01-24T21:38:52-08:00,0,8
contact/index.html,60,html,aea9c9e3,Yaoxi Li,2025-01-10,23:15:15,-08:00,2025-01-10T23:15:15-08:00,0,6
contact/index.html,61,html,aea9c9e3,Yaoxi Li,2025-01-10,23:15:15,-08:00,2025-01-10T23:15:15-08:00,0,6
